Actual,Predicted
0,5.5140706e-13
0,1.3708301e-26
0,1.062723e-12
1,1.0
1,0.99999976
0,1.0675377e-12
0,9.632192e-13
0,2.3587356e-07
0,1.369745e-23
1,1.0
0,1.3866205e-16
0,1.03192396e-16
0,7.0633466e-28
1,1.0
0,3.9249688e-24
0,1.2016333e-22
0,5.844484e-24
1,1.0
0,3.3305618e-21
0,1.0262558e-15
1,1.0
0,2.4862074e-16
0,1.2579658e-15
0,1.2065284e-09
0,2.8630863e-20
1,1.0
0,1.9654404e-15
0,3.9215275e-16
0,2.0728148e-06
0,3.3964564e-11
0,0.00057751086
1,0.99942034
0,3.7118177e-06
0,1.9405458e-07
1,0.9991148
0,0.00088133814
0,6.8518406e-13
0,3.9969712e-13
1,0.99999964
0,3.2605135e-07
0,1.4504937e-27
1,1.0
0,1.517999e-22
0,3.3237556e-23
0,2.1586834e-06
0,4.559898e-06
0,0.0004148591
1,0.9995784
0,1.2110264e-28
0,2.3699282e-34
1,1.0
0,6.431087e-14
0,2.4181185e-19
0,1.478629e-26
0,8.0182105e-10
1,1.0
0,1.5077989e-25
1,1.0
0,2.0175818e-24
0,9.649391e-16
0,1.9744592e-29
1,1.0
0,1.4469241e-19
0,5.2450633e-23
0,1.4510688e-10
0,3.3495754e-13
0,3.3613007e-05
1,0.9999664
0,5.3193336e-16
0,2.4414022e-26
0,9.016913e-12
1,1.0
0,3.6550532e-14
0,1.1795096e-25
0,9.397528e-10
1,1.0
0,6.337228e-11
0,1.2737817e-13
0,4.0824893e-13
1,1.0
0,8.2661156e-10
0,1.4272719e-15
1,0.9994074
0,0.00059262494
0,9.023481e-28
1,1.0
0,1.5713695e-20
0,1.15745356e-20
0,2.8229014e-08
0,4.171086e-16
0,4.1726445e-09
1,1.0
0,7.12692e-09
0,3.593724e-12
0,3.496872e-05
1,0.9999651
1,1.0
0,2.2599796e-14
0,1.5566819e-11
0,7.771872e-10
0,9.819714e-10
0,5.299248e-14
0,6.304598e-09
1,1.0
0,2.6515325e-26
1,1.0
0,3.792445e-24
0,2.0563907e-20
0,1.43752215e-11
0,7.696441e-19
0,3.8049524e-08
1,1.0
0,6.121387e-11
0,4.88278e-18
0,2.0348793e-10
1,1.0
0,1.9065503e-08
0,2.3149906e-13
1,0.85567135
0,0.14432867
0,1.8813882e-14
0,5.095062e-17
0,6.502113e-08
1,0.9999999
1,0.9999999
0,4.3453327e-12
0,5.150464e-09
0,8.152475e-08
0,8.766642e-26
1,1.0
0,6.2382323e-21
0,5.893224e-16
0,3.0936935e-08
0,1.5235252e-10
0,1.8727648e-09
1,1.0
0,3.122259e-09
0,3.903973e-17
0,4.965055e-08
1,1.0
0,2.7054948e-13
0,8.4011924e-17
0,1.3282072e-06
1,0.9999987
0,8.983586e-08
0,1.6542977e-12
0,8.9200734e-07
1,0.99999905
0,1.3775706e-10
0,3.7901404e-13
0,5.4645116e-05
1,0.9999454
0,7.633672e-09
0,1.0919433e-08
1,0.99965286
0,0.00034713358
0,3.948759e-05
0,1.5263217e-07
1,0.99127525
0,0.008685113
1,1.0
0,3.9116697e-22
0,3.7513827e-15
0,4.0196023e-13
0,3.278057e-17
0,2.9751583e-23
1,0.99999976
0,2.3194708e-07
1,1.0
0,4.20488e-21
0,8.87851e-19
0,2.9058232e-12
0,6.735086e-28
1,1.0
0,2.332157e-16
0,5.004424e-20
0,3.8678785e-24
1,1.0
0,8.1400695e-21
0,5.9750398e-21
0,1.9447539e-28
1,1.0
0,1.9027587e-19
0,3.0190527e-21
1,1.0
0,2.9146355e-10
0,1.5376101e-11
0,1.3012023e-11
0,9.688488e-14
0,5.160609e-16
1,0.99999905
0,9.898569e-07
0,1.8733347e-22
1,1.0
0,2.0967194e-18
0,8.78288e-18
0,1.2794486e-23
1,1.0
0,8.734162e-19
0,2.7142725e-22
0,8.83124e-13
0,1.3431556e-16
1,0.49498597
0,0.505014
1,1.0
0,1.4940033e-14
0,1.2579018e-10
0,2.9836589e-09
0,8.9076497e-07
0,7.9935153e-10
1,0.9999633
0,3.592497e-05
0,2.1511003e-15
0,4.8020878e-20
0,2.46197e-07
1,0.99999976
0,1.8842343e-16
0,6.013406e-22
1,1.0
0,5.2436434e-08
0,3.5947463e-13
0,1.2537841e-14
0,6.786862e-09
1,1.0
0,2.3651634e-08
0,4.901886e-12
1,0.99983203
0,0.00016795579
0,6.5854135e-15
0,2.5563829e-18
0,8.067935e-09
1,1.0
1,0.9999473
0,7.494631e-09
0,6.437036e-09
0,5.268492e-05
0,7.716131e-28
1,1.0
0,2.9821218e-17
0,7.0755573e-22
1,1.0
0,5.357494e-17
0,3.664603e-14
0,3.352099e-12
0,2.437908e-13
0,1.1751841e-17
1,0.9999993
0,6.7768195e-07
0,1.7233889e-07
0,4.4930617e-12
0,7.065943e-10
1,0.9999999
0,4.842185e-22
0,1.4206592e-28
1,1.0
0,7.291963e-11
0,4.759526e-11
0,4.811834e-09
0,7.811133e-06
1,0.99999213
0,7.082121e-14
0,4.149973e-18
0,3.0239825e-08
1,1.0
0,1.7735365e-09
0,1.5757372e-10
1,0.9985184
0,0.0014816365
0,1.09857e-12
0,4.1407795e-14
1,0.99999845
0,1.604241e-06
0,1.4708043e-18
0,2.723511e-24
1,1.0
0,1.9714763e-09
0,2.0171295e-12
0,5.554969e-16
1,0.999598
0,0.00040187922
0,3.4216776e-09
0,2.0565503e-15
1,0.9986149
0,0.0013851019
1,1.0
0,6.796032e-17
0,9.677081e-11
0,1.3762978e-11
1,1.0
0,4.227276e-17
0,1.1824153e-10
0,4.1053977e-10
1,1.0
0,1.368759e-21
0,2.9119843e-18
0,2.0951008e-14
0,2.3532543e-10
0,4.7329474e-11
1,0.99984336
0,0.00015659111
0,6.565999e-30
1,1.0
0,4.8249652e-29
0,1.4951819e-16
0,7.325502e-26
1,1.0
0,1.8581953e-23
0,3.1076834e-21
0,3.115575e-07
0,2.6147875e-09
1,0.99990845
0,9.115651e-05
0,1.153482e-05
0,1.7641482e-09
1,0.99998844
0,1.4521733e-09
1,1.0
0,5.590292e-22
0,5.6790836e-22
0,2.319389e-17
0,1.4866814e-28
1,1.0
0,2.1085809e-27
0,6.2110126e-16
0,3.368289e-15
0,3.8355e-14
0,1.1594475e-07
1,0.9999999
0,3.7369313e-07
0,7.84007e-07
0,0.00015943836
1,0.9998393
0,3.236192e-13
0,1.4415075e-20
0,2.9738746e-07
1,0.99999976
0,0.00018914178
0,1.1727055e-10
1,0.9998108
0,3.9844526e-08
0,4.251046e-11
0,6.8078706e-16
0,3.3893289e-06
1,0.99999666
0,2.3818413e-23
0,6.936857e-28
1,1.0
0,1.5705265e-10
1,1.0
0,3.803231e-20
0,4.0434973e-15
0,4.967072e-12
0,4.701251e-30
1,1.0
0,4.0221433e-23
0,1.344902e-24
0,4.4720337e-15
0,3.794473e-20
1,0.99999857
0,1.4794981e-06
0,3.3227647e-09
0,1.9160078e-11
0,0.00020602113
1,0.9997939
1,0.9999999
0,3.0695222e-13
0,7.279697e-13
0,1.5785879e-07
1,1.0
0,3.4400813e-14
0,8.7748304e-13
0,2.1134612e-08
0,4.8849e-12
0,1.1795821e-13
0,4.1317474e-09
1,1.0
0,1.2606871e-08
0,7.119105e-15
0,1.7848685e-06
1,0.9999982
0,6.0825916e-13
0,1.2336745e-16
1,0.99999845
0,1.592897e-06
1,1.0
0,7.471309e-15
0,1.31509985e-11
0,1.2580824e-09
0,9.284103e-09
0,4.6292835e-12
1,0.99899584
0,0.0010041805
0,1.2908405e-25
1,1.0
0,2.7221974e-20
0,4.440887e-19
0,4.4836452e-12
0,4.498904e-15
0,9.646236e-10
1,1.0
0,1.3100902e-17
0,6.1778487e-22
1,0.99998975
0,1.027751e-05
1,1.0
0,4.156226e-13
0,4.5334136e-10
0,1.3727147e-10
0,4.4180558e-13
0,7.766109e-17
0,6.4090094e-10
1,1.0
0,0.0055130958
0,1.7530542e-06
0,8.342526e-07
1,0.99448425
0,7.296685e-13
0,2.502465e-19
1,1.0
0,1.3069126e-08
0,1.0730884e-12
0,1.7393236e-17
1,0.9817624
0,0.018237587
0,8.028186e-12
0,6.628541e-19
1,0.9999988
0,1.20824e-06
1,0.9999988
0,4.2169396e-13
0,8.7900395e-11
0,1.190317e-06
0,4.1688702e-14
0,1.2694937e-16
1,0.99905235
0,0.0009476962
0,1.3374014e-10
0,2.4187933e-11
1,0.9979539
0,0.002046089
1,1.0
0,7.245223e-16
0,1.02453344e-10
0,4.8275574e-08
0,8.849399e-16
0,6.116193e-20
1,0.9999988
0,1.2260784e-06
0,2.2488187e-11
0,1.6703881e-13
1,0.99930704
0,0.0006930108
0,3.9837334e-26
1,1.0
0,8.769449e-19
0,3.563101e-20
0,4.3962172e-28
1,1.0
0,1.7204048e-17
0,4.4737986e-22
0,1.548875e-18
0,2.9164898e-23
1,0.9999999
0,6.061583e-08
0,7.528722e-06
0,1.13332004e-10
0,3.010212e-08
1,0.9999925
0,6.65974e-05
0,9.656077e-10
0,0.0008645502
1,0.99906886
0,1.830705e-13
0,3.9362286e-17
0,2.5555776e-11
1,1.0
0,2.6889356e-26
1,1.0
0,2.4247828e-23
0,9.93219e-21
0,8.7481495e-15
0,1.553555e-19
0,9.2228404e-08
1,0.9999999
1,1.0
0,1.2555787e-22
0,5.8064987e-19
0,1.9325921e-13
0,8.914651e-12
0,3.1638156e-12
1,1.0
0,1.6639568e-09
0,2.6820153e-15
0,1.4349481e-17
0,1.1757233e-09
1,1.0
1,1.0
0,5.0838397e-25
0,6.136915e-25
0,1.4944611e-19
0,1.8716026e-05
0,3.6121364e-10
1,0.6692324
0,0.3307489
0,6.57366e-12
0,1.0875114e-15
1,0.99997246
0,2.7574113e-05
1,1.0
0,3.5801333e-19
0,9.931879e-15
0,4.721405e-12
1,1.0
0,1.1973204e-19
0,7.174971e-14
0,2.2000999e-13
1,1.0
0,2.231014e-22
0,6.598691e-15
0,4.405251e-12
0,4.9335793e-09
0,1.197874e-10
0,2.6128943e-08
1,1.0
1,0.9999993
0,2.1655327e-11
0,4.0446658e-08
0,6.8543955e-07
0,1.3811172e-27
1,1.0
0,2.8693027e-16
0,4.2715067e-20
0,1.5203963e-17
0,5.483005e-21
1,1.0
0,1.1722487e-08
1,1.0
0,3.998408e-12
0,4.1202184e-09
0,5.71724e-08
0,4.089495e-28
1,1.0
0,1.5190204e-27
0,2.8888535e-15
0,6.629805e-14
0,2.4658396e-19
0,1.47725e-08
1,1.0
0,2.6586964e-09
0,9.034114e-15
1,0.99758446
0,0.002415528
0,5.2687337e-06
0,8.727365e-09
1,0.99662244
0,0.0033722776
0,1.3919565e-17
1,1.0
0,3.1594252e-16
0,1.9788004e-16
0,2.7365753e-12
0,1.2478263e-18
0,4.983918e-07
1,0.9999995
0,1.6109579e-16
0,3.6136573e-17
0,1.9887137e-16
1,1.0
0,6.4050383e-25
1,1.0
0,1.9381378e-23
0,4.3924233e-23
0,2.680826e-17
0,4.472248e-21
0,2.125495e-09
1,1.0
1,0.99999905
0,1.10221485e-11
0,1.7658916e-08
0,9.048706e-07
1,0.99999976
0,5.736118e-14
0,3.0390354e-10
0,2.3177242e-07
0,2.143696e-11
0,7.736774e-14
0,6.3251006e-12
1,1.0
0,7.533033e-24
1,1.0
0,1.0138856e-15
0,1.2612896e-17
0,5.8119072e-11
0,1.4291147e-16
0,4.2467555e-08
1,1.0
0,2.3792395e-27
1,1.0
0,6.24767e-19
0,9.167256e-21
0,8.082678e-12
0,3.6532984e-17
1,1.0
0,3.8986627e-08
1,1.0
0,2.6379003e-09
0,7.777225e-10
0,4.020431e-09
0,1.1494865e-10
0,9.4018834e-14
0,1.7753223e-08
1,1.0
0,3.026637e-23
1,1.0
0,7.1258684e-19
0,1.07725386e-19
0,4.9191783e-08
0,5.896835e-12
1,0.99993527
0,6.469873e-05
0,5.398746e-19
0,2.222919e-21
1,1.0
0,1.6770248e-11
0,1.6896504e-10
0,6.376956e-13
1,0.9999982
0,1.8292264e-06
0,3.058333e-08
0,2.7227584e-12
1,0.99454826
0,0.0054516965
1,1.0
0,4.0523832e-19
0,7.94595e-15
0,3.3146343e-11
0,6.216142e-28
1,1.0
0,6.098535e-22
0,4.772352e-23
0,6.0779123e-29
1,1.0
0,7.290642e-22
0,3.2487927e-23
0,8.7033364e-10
0,9.06419e-13
0,2.0073191e-08
1,1.0
1,1.0
0,9.468315e-16
0,2.937461e-14
0,6.8392314e-09
1,1.0
0,6.049775e-17
0,6.6420533e-15
0,7.1679194e-16
0,6.74034e-07
0,9.359263e-10
1,0.99958956
0,0.00040969154
1,1.0
0,1.1058811e-24
0,5.786711e-18
0,6.911116e-17
1,1.0
0,2.6691238e-23
0,1.1793081e-16
0,2.780969e-17
0,6.049083e-17
0,2.1030334e-24
0,5.6174076e-11
1,1.0
0,2.3085949e-09
0,4.0310537e-12
1,0.9999032
0,9.6841126e-05
0,1.3417392e-06
0,3.6655493e-08
1,0.99999774
0,8.8442164e-07
1,1.0
0,1.1496947e-14
0,5.522338e-15
0,3.7754496e-12
0,1.5320607e-07
0,4.5345817e-11
1,0.9999949
0,5.009142e-06
0,1.479537e-11
0,3.398075e-15
1,0.9991303
0,0.00086972374
0,3.770321e-22
1,1.0
0,2.5854413e-18
0,1.5496264e-17
0,7.885702e-24
1,1.0
0,3.3402794e-23
0,5.393859e-22
1,1.0
0,3.2378036e-17
0,7.4963746e-15
0,1.4858539e-09
0,1.6047364e-13
0,4.587026e-16
1,0.99999714
0,2.8789464e-06
0,1.3763288e-23
1,1.0
0,1.27211345e-17
0,2.5786746e-18
0,5.2996626e-13
0,3.7030816e-19
1,0.9999976
0,2.384536e-06
0,0.000217921
0,8.2898265e-07
1,0.88750553
0,0.11227566
0,2.3863814e-07
0,4.1975294e-13
0,1.39564845e-05
1,0.9999858
0,8.785808e-15
0,8.116566e-21
0,1.65137e-09
1,1.0
0,1.1839269e-11
0,7.2319504e-21
0,6.1759144e-09
1,1.0
0,1.8363165e-13
0,4.9553388e-18
1,0.9999535
0,4.648309e-05
0,1.2843759e-26
1,1.0
0,2.1841163e-16
0,1.08096286e-19
1,1.0
0,3.3581512e-13
0,2.864267e-12
0,1.6522788e-11
0,1.910501e-14
0,4.4684178e-17
1,0.9999994
0,5.433133e-07
0,2.7586545e-24
0,6.547122e-28
1,1.0
0,2.4288765e-14
0,3.2215041e-06
0,1.4370695e-08
1,0.99870014
0,0.0012966223
0,4.3433615e-19
0,3.957878e-25
1,0.99999976
0,2.3744508e-07
1,1.0
0,1.8082493e-27
0,1.4122054e-25
0,2.8459174e-18
0,7.344877e-23
1,1.0
0,1.6007963e-22
0,4.1730167e-21
0,2.2811887e-08
0,1.3544297e-15
0,1.398284e-05
1,0.99998605
0,8.437621e-13
0,1.1025861e-17
1,0.9999994
0,5.6327207e-07
0,1.3512773e-26
1,1.0
0,2.1861514e-15
0,1.3788744e-20
0,8.5834716e-07
0,1.819697e-09
0,0.0065126168
1,0.9934865
0,5.461594e-26
1,1.0
0,9.661752e-19
0,4.8676367e-20
0,3.2264686e-12
0,4.362731e-16
0,7.974761e-09
1,1.0
0,9.14299e-27
1,1.0
0,2.4415884e-26
0,1.0198167e-15
0,3.798234e-11
0,7.504468e-17
0,3.386673e-06
1,0.99999666
0,9.002143e-25
1,1.0
0,1.1182094e-15
0,1.5875115e-19
0,2.958969e-26
1,1.0
0,4.19838e-25
0,4.2184988e-16
1,1.0
0,1.5283839e-20
0,5.700211e-19
0,4.643229e-11
0,1.2458056e-14
0,2.6441777e-16
0,9.490349e-06
1,0.99999046
0,1.7027245e-24
1,1.0
0,1.8055272e-19
0,5.2251216e-20
0,2.7554381e-06
0,5.591035e-10
1,0.98205185
0,0.017945418
0,1.7498701e-19
1,1.0
0,9.836631e-16
0,1.9275937e-16
0,1.1385369e-18
0,5.147345e-30
0,2.1597706e-12
1,1.0
0,1.8601602e-10
0,3.2817745e-15
1,0.99968654
0,0.00031342515
1,1.0
0,3.2542155e-14
0,1.5908088e-12
0,1.3559111e-08
0,2.0106583e-10
0,3.9910113e-15
0,4.9037086e-09
1,1.0
0,3.815355e-10
0,1.6350665e-16
0,9.642392e-10
1,1.0
0,3.559936e-12
0,2.3769316e-15
1,1.0
0,4.890156e-09
1,1.0
0,1.3559682e-15
0,4.853395e-13
0,3.6263625e-09
0,4.666136e-13
0,7.366583e-14
1,0.9999976
0,2.4067565e-06
0,9.155394e-14
0,3.52331e-17
0,1.3628022e-06
1,0.9999987
0,6.9358875e-06
0,9.972697e-08
0,0.034568924
1,0.965424
0,9.0928555e-15
0,7.6307427e-29
0,2.485007e-13
1,1.0
0,3.046384e-17
0,5.515328e-22
0,7.880259e-09
1,1.0
0,4.4153169e-13
0,4.3366877e-16
1,0.9999902
0,9.825296e-06
1,1.0
0,3.7826442e-19
0,2.0710602e-17
0,6.7293556e-14
1,1.0
0,2.310025e-13
0,3.789057e-11
0,1.7586531e-08
0,0.00015324268
0,6.365197e-05
1,0.98557633
0,0.01420674
1,1.0
0,9.1625896e-17
0,2.9787967e-13
0,9.532499e-12
0,1.6330954e-25
1,1.0
0,5.484427e-21
0,9.491569e-16
0,1.00802e-05
0,3.1776085e-07
1,0.808121
0,0.19186862
0,6.735516e-17
0,1.7622169e-20
1,0.99999344
0,6.51295e-06
0,8.792451e-29
1,1.0
0,1.0747811e-22
0,5.1081225e-24
0,2.1266143e-05
0,3.055287e-06
1,0.97194344
0,0.028032131
0,1.9520174e-26
1,1.0
0,3.9637536e-19
0,6.2249e-20
0,2.0693458e-25
1,1.0
0,6.651939e-16
0,3.806557e-19
0,6.276408e-26
1,1.0
0,8.836948e-19
0,6.201515e-17
1,1.0
0,3.7263054e-17
0,3.4004117e-14
0,9.2591325e-12
0,3.676417e-27
1,1.0
0,1.2865678e-26
0,2.3529525e-15
0,3.0056087e-13
0,5.6688606e-17
0,4.86077e-13
1,1.0
1,1.0
0,5.3525643e-12
0,1.03401954e-10
0,8.448848e-10
0,3.342323e-28
1,1.0
0,1.2344996e-17
0,3.6415874e-22
0,3.636454e-28
1,1.0
0,7.2372604e-18
0,7.517088e-20
0,9.2427416e-10
0,5.6301296e-13
0,7.966447e-07
1,0.99999917
1,0.9999596
0,1.4212781e-11
0,6.4220096e-08
0,4.0335377e-05
0,6.0404386e-16
0,8.6408854e-16
1,1.0
0,1.4468928e-09
0,6.436906e-10
0,6.652433e-09
1,0.9999906
0,9.437911e-06
1,1.0
0,7.441294e-17
0,2.5185713e-13
0,1.4543541e-10
0,1.8429323e-09
0,1.0843594e-12
0,1.0201275e-08
1,1.0
0,7.2050005e-13
0,6.912921e-19
0,1.0888933e-06
1,0.9999989
0,3.6145316e-09
0,2.3011483e-14
1,0.99263567
0,0.007364358
0,8.0604945e-09
0,1.825494e-12
1,0.99931407
0,0.00068596384
0,1.398916e-29
1,1.0
0,8.1753565e-29
0,3.3884825e-16
1,1.0
0,1.6410269e-17
0,1.2236849e-14
0,6.250013e-13
0,1.9977889e-12
0,1.9520914e-19
0,3.3079978e-10
1,1.0
0,3.9281562e-18
0,5.978609e-17
0,2.1746061e-08
1,1.0
1,0.99999917
0,1.2423172e-09
0,2.2918162e-08
0,7.8308767e-07
1,1.0
0,1.9711821e-10
0,1.3391898e-11
0,8.00434e-09
0,1.5684175e-14
0,3.579693e-19
1,0.9999763
0,2.3739649e-05
0,1.6387819e-16
0,4.6009552e-23
0,8.244889e-09
1,1.0
1,1.0
0,7.708844e-18
0,1.1736322e-14
0,5.1823816e-09
0,1.4638935e-07
0,1.00802815e-08
1,0.9959691
0,0.004030769
0,3.0980432e-10
0,1.6101308e-10
0,0.004206083
1,0.99579394
0,1.7994051e-06
0,8.1394056e-08
0,2.3499258e-06
1,0.9999957
1,1.0
0,3.6070105e-14
0,6.476779e-11
0,3.0731506e-08
1,1.0
0,4.591431e-17
0,7.6147915e-18
0,4.2714586e-12
0,6.3180796e-28
1,1.0
0,4.623055e-22
0,6.164255e-23
0,1.6742024e-19
0,1.5244818e-21
0,2.4339795e-09
1,1.0
1,1.0
0,8.7038704e-17
0,1.6428817e-16
0,1.0412803e-15
0,7.7439006e-07
0,8.762344e-11
0,2.9970162e-05
1,0.99996924
1,0.99999976
0,1.1610793e-13
0,2.4298873e-13
0,2.2781339e-07
1,0.9999999
0,3.9464538e-16
0,2.73727e-09
0,7.6430155e-08
0,1.3714525e-07
0,2.6213154e-15
0,1.0372763e-07
1,0.99999976
0,1.623613e-07
0,3.4054917e-10
0,4.3081905e-06
1,0.99999547
0,2.8511354e-24
1,1.0
0,3.068123e-17
0,2.0123766e-18
0,1.1545563e-11
0,5.4075404e-16
1,0.99686265
0,0.003137343
0,3.4789447e-26
1,1.0
0,2.0994786e-20
0,1.4101716e-16
0,1.2933037e-27
1,1.0
0,2.767055e-16
0,4.299035e-20
0,2.2044907e-23
1,1.0
0,7.7740455e-19
0,1.1827755e-19
0,1.6687679e-11
0,1.3587884e-15
1,0.9998803
0,0.00011967877
0,5.079556e-08
0,2.4502622e-12
0,8.719043e-07
1,0.99999905
1,0.99999964
0,3.376443e-12
0,3.857294e-07
0,9.5851e-11
1,1.0
0,4.573314e-13
0,1.7189546e-10
0,5.553427e-10
0,1.3655045e-14
0,7.5968744e-22
0,1.6812813e-11
1,1.0
1,1.0
0,5.830938e-19
0,6.72369e-20
0,9.498464e-13
0,7.469828e-15
0,2.2248412e-17
1,0.9999963
0,3.743891e-06
0,3.416855e-05
0,4.9935018e-08
1,0.71013796
0,0.28982782
0,1.2023461e-09
0,4.811297e-13
0,0.021534322
1,0.9784656
0,1.613367e-14
0,2.1957569e-20
0,7.208406e-08
1,0.9999999
1,1.0
0,2.3659638e-18
0,2.765814e-13
0,1.1131529e-12
0,8.943106e-12
0,7.5896036e-14
1,0.99999964
0,3.5927542e-07
0,8.711022e-19
0,1.513249e-23
0,9.211718e-06
1,0.9999908
0,2.34547e-09
0,2.2291427e-16
0,2.9581438e-06
1,0.999997
1,1.0
0,1.7705952e-15
0,1.5706088e-12
0,1.9521506e-08
0,5.7384173e-25
1,1.0
0,1.1251537e-23
0,4.419736e-23
0,4.2524933e-31
1,1.0
0,1.6901265e-22
0,2.2422131e-25
1,1.0
0,4.0788263e-19
0,3.577131e-11
0,7.3045914e-10
0,2.9396307e-12
0,3.2093704e-17
1,0.97499144
0,0.025008576
0,3.669527e-25
1,1.0
0,3.869959e-24
0,2.2600777e-15
0,1.24925445e-20
1,1.0
0,1.4515502e-13
0,1.5356511e-16
0,1.9893471e-07
0,6.23056e-11
1,0.9997866
0,0.00021314686
0,6.0907106e-26
1,1.0
0,1.0152945e-15
0,3.726773e-18
1,1.0
0,5.459523e-29
0,2.5067415e-22
0,1.5855505e-19
0,2.7947013e-07
0,2.5578504e-07
0,0.00019410493
1,0.99980533
0,3.827476e-13
0,4.8380934e-18
1,0.06834584
0,0.9316541
0,3.002767e-15
0,9.162507e-22
0,2.696086e-06
1,0.99999726
1,1.0
0,4.9524082e-20
0,9.7157975e-17
0,1.3705045e-13
0,2.5203093e-14
0,1.4018259e-16
1,0.9999999
0,7.656993e-08
0,1.0986181e-09
0,1.0661187e-11
0,1.2707293e-06
1,0.9999987
1,1.0
0,6.815257e-13
0,3.1978542e-10
0,9.850882e-12
0,1.7622652e-09
0,1.8067398e-19
0,9.5632266e-11
1,1.0
0,7.3278806e-14
0,1.5538879e-14
1,1.0
0,3.6236404e-08
0,5.1118823e-25
1,1.0
0,6.5651736e-22
0,6.7060835e-15
0,6.2711725e-09
0,6.015665e-11
0,7.1271714e-08
1,0.9999999
0,1.0212401e-25
1,1.0
0,1.7621248e-23
0,4.331495e-21
0,1.2448863e-06
0,1.632034e-09
1,0.9838373
0,0.016161442
0,5.025162e-12
0,8.520769e-13
0,4.471124e-09
1,1.0
0,2.9756735e-28
1,1.0
0,4.389654e-18
0,9.044461e-22
1,1.0
0,7.824066e-13
0,3.4969735e-11
0,3.507008e-10
0,5.265248e-24
0,5.5186736e-30
1,1.0
0,4.317779e-09
0,1.8688503e-24
1,1.0
0,4.2772954e-20
0,5.1208483e-22
0,1.3274241e-16
0,1.1128534e-19
1,0.99999964
0,3.0687727e-07
0,1.2688602e-17
0,3.843034e-24
1,0.99999523
0,4.8252973e-06
1,1.0
0,2.1615877e-16
0,2.070161e-12
0,1.3483179e-13
1,1.0
0,9.940222e-29
0,5.342704e-22
0,3.013567e-19
1,1.0
0,2.9165288e-12
0,5.0163593e-09
0,1.1286755e-10
1,1.0
0,7.063574e-17
0,4.1089382e-14
0,8.538382e-11
0,2.0309455e-27
1,1.0
0,6.242476e-19
0,8.491596e-21
0,6.257719e-11
0,1.2085418e-14
1,0.99997234
0,2.7615872e-05
0,6.011077e-26
1,1.0
0,3.2263013e-24
0,1.6875371e-14
0,8.8471865e-07
0,6.9406764e-10
1,0.963168
0,0.036831073
0,1.09125764e-07
0,4.774142e-09
0,0.061260514
1,0.93873936
1,1.0
0,3.9368612e-16
0,5.4625565e-17
0,2.3128579e-11
0,3.8925533e-24
1,1.0
0,7.5041954e-20
0,2.351338e-22
0,6.577437e-28
1,1.0
0,3.0743193e-18
0,1.3378185e-19
0,1.2545844e-27
1,1.0
0,8.574778e-18
0,7.559817e-21
0,1.5322996e-07
0,1.518962e-11
0,3.882755e-05
1,0.999961
0,9.989143e-13
0,1.2603566e-16
1,0.99995744
0,4.2615025e-05
0,4.2257088e-26
1,1.0
0,4.01809e-18
0,1.6035604e-20
0,6.748701e-25
1,1.0
0,1.5743379e-22
0,4.045362e-16
0,6.3988563e-26
1,1.0
0,1.3229482e-20
0,1.3721422e-20
0,1.5994093e-06
0,4.944763e-13
0,3.668952e-06
1,0.99999475
1,0.9999999
0,7.0280596e-12
0,7.802758e-12
0,1.0138839e-07
1,0.99998915
0,4.1903644e-11
0,1.342655e-09
0,1.0836548e-05
1,1.0
0,1.9486931e-17
0,4.6878378e-15
0,1.4990411e-14
0,4.972086e-06
0,2.4671675e-12
0,5.7945313e-06
1,0.9999893
0,3.2972917e-12
0,4.8925613e-21
0,1.0103208e-10
1,1.0
0,9.1921365e-08
0,1.6229981e-11
1,0.9932528
0,0.0067470237
0,4.4515773e-09
0,4.239139e-12
1,0.99999976
0,2.8371284e-07
1,0.99999917
0,2.6422487e-13
0,6.811604e-08
0,7.0997976e-07
0,2.5293954e-11
0,2.1085982e-18
0,2.1719475e-07
1,0.99999976
1,1.0
0,1.2064139e-12
0,9.545372e-10
0,1.6194071e-10
0,6.297591e-24
1,1.0
0,6.656821e-21
0,2.5011264e-21
0,6.863945e-20
0,4.043677e-25
1,1.0
0,9.1401053e-10
0,2.1846863e-28
1,1.0
0,1.1054604e-22
0,3.828203e-23
1,1.0
0,1.3111071e-19
0,3.5380275e-14
0,4.220779e-11
0,8.505951e-05
0,7.601045e-09
0,1.3310178e-07
1,0.99991477
0,1.13551486e-07
0,1.325588e-07
0,4.2503447e-07
1,0.9999993
0,2.4304317e-23
1,1.0
0,5.7564953e-21
0,1.2009503e-15
0,1.3389829e-26
1,1.0
0,6.9539824e-25
0,6.326611e-15
0,5.8614846e-21
0,1.2069053e-25
1,1.0
0,1.2398901e-08
0,1.2847822e-06
0,1.400985e-09
1,0.99999523
0,3.5038797e-06
0,1.7000821e-25
1,1.0
0,5.439589e-21
0,1.0330312e-15
0,1.0489242e-20
1,1.0
0,4.7526436e-14
0,9.8873375e-17
0,3.4058218e-12
0,5.627943e-17
0,1.560185e-09
1,1.0
0,1.559737e-11
0,5.1210998e-23
0,2.438583e-10
1,1.0
0,2.2653024e-20
0,7.673877e-24
1,1.0
0,2.5476754e-10
1,0.99999917
0,7.588681e-12
0,1.2679269e-09
0,8.632747e-07
0,7.617176e-25
0,2.6457742e-33
1,1.0
0,9.259433e-12
1,1.0
0,6.855363e-12
0,3.5712427e-10
0,1.3294995e-09
1,1.0
0,5.5853234e-15
0,5.3679587e-13
0,2.7203724e-11
1,1.0
0,4.453274e-25
0,8.542401e-23
0,1.8647116e-18
0,2.5654798e-24
1,1.0
0,9.631592e-16
0,3.7226361e-19
1,1.0
0,4.5281603e-21
0,9.457873e-18
0,5.4332623e-14
0,5.599068e-13
0,1.0201642e-20
0,8.642136e-09
1,1.0
0,6.6738715e-13
0,7.234742e-16
1,0.9999981
0,1.8520899e-06
0,2.1647669e-29
1,1.0
0,1.4522089e-21
0,9.602356e-23
1,0.99922156
0,4.6782027e-09
0,3.6302467e-07
0,0.0007781158
0,8.838171e-17
0,2.6917853e-21
1,1.0
0,1.3463297e-08
0,7.33676e-22
1,1.0
0,2.039525e-19
0,2.9464055e-14
0,3.6208583e-08
0,2.7945594e-11
1,0.99839205
0,0.0016078684
0,3.306831e-13
0,2.294729e-13
0,4.1605103e-06
1,0.9999958
0,1.1569519e-13
0,4.3554e-18
0,2.4257301e-06
1,0.9999976
0,2.581959e-28
1,1.0
0,4.478826e-19
0,1.6847204e-21
0,6.918075e-26
1,1.0
0,4.6350722e-18
0,2.2877599e-20
0,1.898401e-08
0,3.776996e-13
1,0.9999981
0,1.9346885e-06
0,2.4690167e-11
0,8.990391e-13
0,1.9528515e-07
1,0.99999976
0,4.8114442e-26
1,1.0
0,1.4382191e-18
0,1.8799154e-20
0,1.7119561e-07
0,1.4757708e-10
1,0.9999987
0,1.2319704e-06
0,1.830747e-13
0,1.9872162e-16
1,0.9999982
0,1.7629136e-06
0,4.4913935e-15
1,1.0
0,3.4806898e-15
0,3.868075e-14
0,2.1774967e-07
0,4.7090987e-10
1,0.9988318
0,0.0011679998
0,1.2132198e-11
0,3.5624148e-13
0,2.6313915e-05
1,0.99997365
0,1.516536e-12
0,1.481127e-14
0,3.149256e-07
1,0.99999964
0,9.133894e-19
0,1.580933e-23
0,3.4693135e-09
1,1.0
0,3.2917043e-07
0,5.085646e-09
0,0.016948126
1,0.9830516
0,8.925528e-22
0,1.9952679e-27
1,1.0
0,1.8513313e-09
0,4.4885576e-19
1,1.0
0,1.1386733e-15
0,1.3130713e-16
0,5.7082697e-24
1,1.0
0,9.1910364e-20
0,5.0897438e-23
0,2.9292902e-08
0,6.1000516e-13
1,1.0
0,2.7443967e-08
0,3.8541188e-11
0,7.283592e-12
0,0.00026679004
1,0.99973315
0,5.727539e-13
0,3.550346e-13
0,2.9123989e-08
1,1.0
0,6.310202e-11
0,8.2838754e-13
0,1.2902642e-06
1,0.9999987
1,1.0
0,7.0880543e-25
0,5.2569817e-23
0,3.0506025e-19
0,2.8795417e-25
0,6.954575e-30
1,1.0
0,1.646703e-12
1,0.99999905
0,1.11976326e-13
0,1.2049278e-11
0,9.447649e-07
0,4.7760345e-29
1,1.0
0,9.790452e-20
0,1.4034651e-21
0,8.575356e-11
0,2.8072453e-13
0,1.0242101e-06
1,0.9999989
1,0.99999976
0,6.454988e-14
0,2.843389e-10
0,2.2493779e-07
0,1.6221938e-16
0,7.949958e-21
0,5.679536e-08
1,1.0
0,2.1362213e-27
1,1.0
0,6.818364e-17
0,7.482039e-21
0,6.787535e-11
0,4.7492247e-17
0,9.19421e-07
1,0.99999905
0,9.4225585e-23
1,1.0
0,6.365085e-20
0,4.7888e-16
0,2.9518362e-05
0,2.1055862e-07
1,0.998223
0,0.0017472114
0,9.274754e-09
0,2.041067e-11
0,5.905089e-05
1,0.999941
0,1.8692192e-11
0,2.3880405e-20
0,3.224333e-09
1,1.0
0,5.9039074e-10
0,2.9804206e-14
0,6.753272e-14
1,1.0
0,1.7404161e-12
0,9.84316e-16
0,2.5104157e-07
1,0.99999976
1,1.0
0,4.7063854e-14
0,7.005366e-11
0,3.2474804e-11
1,1.0
0,6.5023347e-16
0,7.081199e-15
0,2.119764e-11
0,4.414467e-10
0,1.9828346e-10
0,9.138402e-06
1,0.9999908
0,3.5268585e-28
1,1.0
0,3.0795103e-16
0,6.9850007e-20
0,2.746697e-06
0,6.9934103e-10
1,0.9998821
0,0.00011519628
0,1.6463206e-15
0,4.457214e-19
1,1.0
0,3.4484926e-09
0,3.0477092e-09
0,3.5489334e-11
0,3.7346692e-07
1,0.99999964
0,2.8946663e-17
0,1.1024084e-22
1,0.9999932
0,6.792421e-06
0,3.5169756e-09
0,3.9027328e-14
0,6.394083e-07
1,0.9999994
0,1.10876185e-24
1,1.0
0,1.1415054e-21
0,2.4452174e-16
1,1.0
0,8.108673e-14
0,1.2857294e-10
0,1.00904884e-08
1,1.0
0,4.730115e-26
0,1.3895186e-21
0,5.8815814e-19
0,1.9024043e-25
1,1.0
0,1.2712175e-22
0,5.9441024e-20
0,0.0052813543
0,3.9173567e-10
1,0.9622786
0,0.03244002
1,1.0
0,2.3777399e-14
0,3.6405428e-16
0,7.701362e-15
0,1.6010172e-13
0,4.4865932e-17
0,1.4863839e-07
1,0.9999999
0,5.856067e-24
1,1.0
0,1.5893656e-19
0,5.789383e-18
1,1.0
0,1.0704135e-18
0,3.2419935e-17
0,3.337817e-14
1,1.0
0,4.0379532e-20
0,5.1866877e-15
0,1.28823555e-14
0,9.2842804e-27
1,1.0
0,5.3310534e-24
0,8.193431e-22
0,3.6321524e-07
0,8.2530836e-11
0,2.8396848e-06
1,0.9999968
0,2.1245373e-25
1,1.0
0,9.630083e-24
0,1.8804654e-15
0,7.653145e-14
0,3.7819764e-21
1,1.0
0,6.669097e-10
1,0.9999995
0,3.3682638e-14
0,1.9563578e-12
0,5.313206e-07
0,6.305723e-22
1,1.0
0,4.0914333e-19
0,1.7172015e-21
1,1.0
0,1.10314224e-13
0,4.3231596e-09
0,2.5558566e-10
1,1.0
0,3.2915587e-21
0,6.966095e-16
0,2.2360223e-12
0,3.126e-08
0,4.531167e-12
0,0.00031723463
1,0.9996827
0,1.400217e-24
1,1.0
0,9.764036e-22
0,1.0720393e-19
1,0.9902884
0,1.9098052e-09
0,9.027277e-05
0,0.009621331
0,3.274357e-05
0,1.9599983e-07
1,0.33664113
0,0.6633259
0,1.0737776e-10
0,1.474756e-15
0,3.2709274e-08
1,1.0
0,5.804994e-11
0,1.4859961e-12
0,5.4274345e-09
1,1.0
0,1.4864217e-05
0,1.8349045e-09
0,2.6596716e-05
1,0.9999585
0,7.152818e-30
1,1.0
0,3.9956717e-23
0,1.5002607e-24
1,0.9999999
0,6.0800186e-15
0,9.83039e-11
0,1.7352465e-07
0,9.251865e-10
0,3.5750897e-15
0,3.131057e-07
1,0.99999964
1,1.0
0,2.8393223e-12
0,3.6947118e-10
0,5.35818e-09
1,0.9999999
0,2.3286244e-11
0,1.4882305e-09
0,1.6819293e-07
1,1.0
0,6.32992e-22
0,3.4178555e-19
0,7.820249e-16
0,1.1299113e-22
0,1.4118315e-28
1,1.0
0,3.482525e-10
0,2.461596e-23
1,1.0
0,1.2058723e-21
0,1.4205583e-14
0,4.632507e-06
0,8.132058e-09
0,1.8986853e-08
1,0.99999535
1,0.99928606
0,1.3618283e-10
0,6.077683e-08
0,0.0007138123
0,0.00016209103
0,3.0989931e-06
1,0.9995287
0,0.00030609706
0,1.2600659e-13
0,4.1327637e-13
0,5.955812e-13
1,1.0
1,1.0
0,2.2033827e-14
0,6.966335e-12
0,4.4699133e-09
0,3.7536558e-24
1,1.0
0,7.0338754e-21
0,2.8645786e-23
0,7.310136e-22
1,1.0
0,2.2725828e-19
0,1.0361886e-15
0,9.834225e-13
0,2.4685816e-24
0,1.3549137e-11
1,1.0
0,1.2097233e-11
0,9.495346e-21
0,1.5729135e-09
1,1.0
0,5.361479e-07
0,2.5052352e-12
0,2.5779967e-05
1,0.99997365
0,8.0815364e-27
1,1.0
0,3.087933e-16
0,1.04225985e-19
0,2.7254112e-07
0,8.427142e-09
0,0.00041522004
1,0.9995845
0,4.0478785e-08
0,2.2603847e-10
1,0.99942964
0,0.00057030696
1,1.0
0,5.119572e-17
0,4.8763354e-12
0,1.4020468e-10
0,7.631436e-10
0,1.1750447e-14
1,0.9999974
0,2.6610571e-06
1,1.0
0,7.16999e-18
0,1.8097837e-17
0,3.0584845e-12
1,1.0
0,9.543882e-17
0,3.5096204e-16
0,2.8135592e-08
0,1.3944516e-06
0,1.0077843e-08
1,0.99999714
0,1.4162773e-06
0,1.4903578e-16
0,8.2017755e-22
1,0.9999994
0,6.0325937e-07
0,2.6218097e-14
0,9.397617e-16
0,2.844909e-06
1,0.99999714
0,1.5254126e-12
0,4.625178e-14
0,0.00015330315
1,0.9998467
0,0.011836865
0,3.0413162e-07
1,0.5315073
0,0.45665547
1,1.0
0,3.62886e-13
0,1.3531143e-10
0,3.320201e-08
0,3.9686945e-08
0,2.608396e-10
1,0.99810624
0,0.0018937944
1,1.0
0,1.9444299e-18
0,1.8686228e-16
0,8.464133e-15
0,4.8012503e-26
1,1.0
0,1.8616581e-15
0,6.0648546e-20
0,4.824073e-25
1,1.0
0,8.954858e-22
0,5.7578746e-15
1,1.0
0,1.0387e-18
0,3.9872983e-15
0,6.564963e-10
0,1.0093814e-09
0,5.5260324e-20
0,4.4641174e-10
1,1.0
0,4.3596624e-12
0,7.43131e-24
0,1.643914e-11
1,1.0
0,1.8862096e-11
0,5.1942062e-17
0,6.389021e-09
1,1.0
0,3.843534e-10
0,2.9092793e-15
0,3.7748741e-06
1,0.9999962
0,2.9959932e-13
0,1.51264e-15
0,2.198828e-10
1,1.0
1,1.0
0,5.1192792e-17
0,3.775244e-14
0,1.2451767e-13
1,1.0
0,1.0180092e-15
0,6.96581e-14
0,7.006652e-10
0,1.1030635e-12
0,2.6753327e-16
1,0.9971246
0,0.0028754016
1,0.9998312
0,5.7624044e-12
0,5.2741282e-09
0,0.00016881428
0,1.2352976e-14
0,7.266181e-22
0,4.101633e-10
1,1.0
0,4.257305e-12
0,4.5998294e-16
1,0.94476753
0,0.055232417
0,2.9477932e-15
0,1.0011232e-17
1,0.9995559
0,0.00044406424
0,1.14201205e-26
1,1.0
0,1.5540329e-22
0,1.8949048e-21
0,1.4817667e-21
0,1.0460111e-28
1,1.0
0,2.115995e-11
1,1.0
0,1.4419098e-19
0,8.760378e-14
0,6.580552e-12
0,0.00022047601
0,1.2236179e-09
0,0.040093586
1,0.959686
0,4.3403867e-09
0,4.034137e-19
0,8.8682595e-10
1,1.0
0,1.3954085e-10
0,5.709044e-15
1,0.9995857
0,0.0004143683
0,2.2806797e-13
0,5.0418388e-23
0,5.4649576e-08
1,1.0
0,2.0557831e-16
0,1.917121e-17
0,7.923636e-09
1,1.0
0,7.0057954e-18
1,1.0
0,1.8912708e-15
0,4.162058e-16
0,3.8372144e-28
1,1.0
0,7.665884e-18
0,7.6163237e-20
0,1.7730387e-26
1,1.0
0,2.9957707e-24
0,1.3581858e-20
0,1.1191989e-08
0,4.6945053e-10
1,0.98821926
0,0.011780774
0,5.1183843e-08
0,5.566728e-09
1,0.9999999
0,1.2074827e-07
0,9.358035e-25
1,1.0
0,1.2604762e-18
0,2.2967906e-22
1,1.0
0,5.539184e-19
0,2.6568938e-11
0,9.011068e-12
0,1.0296404e-29
1,1.0
0,8.3027695e-29
0,1.8910822e-16
0,0.00025431436
0,2.2274753e-08
1,0.9994547
0,0.00029091374
0,3.4780044e-25
1,1.0
0,1.9938685e-19
0,2.0672804e-16
1,1.0
0,9.541824e-21
0,2.2184435e-16
0,9.527147e-10
0,1.35601665e-14
0,3.660833e-18
1,0.99984825
0,0.00015169721
0,1.2912392e-10
0,3.349642e-17
0,7.540397e-08
1,0.9999999
0,2.5501208e-25
1,1.0
0,3.7822112e-19
0,1.615155e-23
0,9.3851525e-21
0,2.9558796e-25
1,1.0
0,1.6731287e-09
1,1.0
0,2.3402235e-15
0,1.6634131e-14
0,7.0688597e-09
0,1.1672338e-22
0,6.757166e-28
1,1.0
0,1.3681638e-10
0,1.0734932e-09
0,2.468896e-13
1,0.99682707
0,0.0031728907
0,3.757292e-05
0,2.1383734e-07
0,0.0052571013
1,0.9947051
0,1.0969071e-06
0,2.0264075e-09
1,0.99877316
0,0.0012257593
1,0.9999981
0,1.5139696e-07
0,4.41511e-08
0,1.7538564e-06
0,4.4093745e-25
1,1.0
0,3.7897625e-20
0,1.0826264e-18
0,2.2900765e-25
1,1.0
0,1.0580749e-20
0,6.2564638e-21
1,1.0
0,5.168036e-18
0,8.263966e-14
0,9.245481e-14
0,2.1210552e-25
1,1.0
0,9.5656445e-24
0,1.8722198e-15
0,1.1665857e-08
0,3.749193e-12
1,0.99670404
0,0.0032960125
0,4.5355063e-29
1,1.0
0,2.3871585e-19
0,1.5601457e-21
0,5.062141e-27
1,1.0
0,1.3127153e-24
0,9.0212746e-21
0,1.34936555e-27
0,1.4877336e-32
1,1.0
0,2.61026e-15
0,4.7106996e-10
0,1.5376433e-11
0,1.2779312e-06
1,0.9999987
0,0.00011415171
0,6.281302e-08
1,0.9998853
0,4.428323e-07
0,2.5460222e-15
0,1.6800593e-23
0,3.2270338e-09
1,1.0
1,1.0
0,4.4454745e-14
0,1.17415606e-14
0,3.5007594e-10
1,0.9999968
0,1.3908849e-10
0,5.577554e-08
0,3.2318974e-06
1,1.0
0,1.06929985e-17
0,1.7415229e-15
0,5.0962515e-16
0,4.4452394e-28
1,1.0
0,9.766728e-20
0,1.0458951e-21
0,8.1454e-24
1,1.0
0,4.2536364e-20
0,6.5561456e-20
0,1.2844732e-27
1,1.0
0,2.562079e-22
0,1.6192829e-22
0,2.826291e-11
0,4.3771793e-14
0,1.2833951e-07
1,0.9999999
1,1.0
0,2.8866944e-15
0,8.2227134e-13
0,3.083083e-09
0,5.5250787e-08
0,3.2037292e-10
1,0.9787603
0,0.021239677
1,0.9998845
0,1.0099118e-09
0,3.1330677e-07
0,0.00011511013
0,1.0800667e-22
1,1.0
0,7.130192e-19
0,3.25977e-21
1,1.0
0,7.887784e-15
0,7.330408e-15
0,3.612926e-10
0,1.7851748e-09
0,2.6170618e-13
1,0.99999976
0,2.721815e-07
0,5.904891e-09
0,5.019755e-10
0,1.7913245e-06
1,0.9999982
1,1.0
0,1.8237405e-18
0,5.4464933e-17
0,1.0917365e-13
0,9.417817e-11
0,2.3542788e-17
1,0.99999225
0,7.794303e-06
0,1.2546102e-24
1,1.0
0,3.0103615e-19
0,1.3132219e-23
0,9.760222e-25
1,1.0
0,6.456127e-20
0,2.2887288e-20
0,2.5966389e-17
0,4.909832e-21
1,0.99999905
0,9.969128e-07
0,8.204689e-30
1,1.0
0,6.40439e-29
0,2.2248506e-16
1,1.0
0,5.2764287e-16
0,6.089662e-12
0,9.427401e-10
0,4.2387053e-26
0,3.6656424e-30
1,1.0
0,1.029604e-16
0,1.7189924e-08
0,1.1305013e-12
0,1.9232368e-06
1,0.9999981
0,4.1116717e-13
0,1.6089285e-17
0,0.000981091
1,0.9990189
0,6.284188e-28
1,1.0
0,1.1109827e-20
0,1.4480884e-20
0,1.2045486e-13
0,7.737259e-18
1,0.9998417
0,0.00015830665
1,1.0
0,4.0357113e-17
0,1.408898e-15
0,1.7912899e-10
0,5.9144883e-22
1,1.0
0,9.144214e-19
0,8.365902e-16
0,1.5169447e-23
1,1.0
0,1.05349165e-20
0,3.8389508e-16
0,1.1556732e-09
0,1.4072751e-16
0,1.3304279e-13
1,1.0
1,1.0
0,6.2533376e-21
0,1.5711553e-18
0,4.8179547e-15
0,2.0929242e-25
1,1.0
0,7.826723e-24
0,1.5392943e-15
0,2.4577298e-14
0,2.148428e-20
0,1.0630212e-06
1,0.9999989
0,1.5508809e-16
1,1.0
0,5.301442e-10
0,2.1485609e-13
1,1.0
0,8.838568e-26
0,4.533474e-25
0,1.2529969e-19
1,1.0
0,1.5885603e-14
0,8.4176774e-13
0,1.12294375e-11
0,0.010444417
0,1.239275e-08
1,0.9892414
0,0.0003141174
0,5.9901126e-14
0,4.186097e-18
1,1.0
0,1.8109263e-10
0,6.6699033e-14
0,3.9752523e-14
1,0.999997
0,2.9398773e-06
0,6.8840154e-13
0,9.269898e-15
1,1.0
0,1.0034887e-08
0,2.9328214e-14
0,8.4456305e-17
0,5.3071353e-06
1,0.99999464
0,4.2228196e-10
0,5.5192937e-16
1,0.99999845
0,1.5822263e-06
1,1.0
0,1.9773019e-13
0,5.7576006e-11
0,1.1969686e-08
0,6.888439e-08
0,2.40169e-10
1,0.9960757
0,0.0039242227
0,4.482074e-12
0,4.866841e-16
1,0.99974686
0,0.0002530941
0,1.4888999e-29
1,1.0
0,1.0847126e-28
0,3.1218665e-16
0,1.1593222e-21
0,2.8455722e-24
1,1.0
0,2.2922836e-10
0,8.606053e-30
1,1.0
0,6.977458e-29
0,1.7407516e-16
1,0.99999857
0,1.5919768e-10
0,4.574101e-09
0,1.4297101e-06
0,4.5568143e-14
0,2.4902742e-18
1,0.99870646
0,0.0012935695
0,2.925962e-23
0,1.540312e-28
1,1.0
0,1.8276175e-09
0,5.144826e-25
1,1.0
0,1.2378118e-14
0,1.2867589e-19
0,6.236316e-25
1,1.0
0,1.6446467e-20
0,3.5210215e-22
0,7.426469e-12
0,8.257047e-15
0,0.00017329212
1,0.99982667
0,6.606368e-24
1,1.0
0,4.8068913e-20
0,6.0230224e-23
0,4.646651e-25
1,1.0
0,8.522564e-19
0,9.7414816e-24
0,6.7217974e-11
0,8.167614e-17
0,4.707726e-09
1,1.0
0,6.3544482e-12
0,8.304348e-15
1,1.0
0,1.40179965e-08
0,8.89313e-09
0,1.0453184e-10
0,1.6695344e-07
1,0.9999999
0,2.2262241e-25
1,1.0
0,1.1027769e-23
0,1.9960566e-15
0,4.0915418e-18
0,1.3574168e-22
0,7.021581e-07
1,0.9999993
0,3.1719116e-15
0,1.144737e-19
1,0.99998796
0,1.2020144e-05
0,4.3383523e-08
0,3.0816146e-08
1,0.996892
0,0.0031079976
1,1.0
0,4.332387e-21
0,3.899225e-17
0,6.6072744e-13
0,9.53824e-19
0,4.4758957e-25
1,0.9999895
0,1.0434548e-05
1,1.0
0,6.3702845e-12
0,6.4005476e-09
0,2.239984e-08
0,7.286585e-15
0,2.3935814e-17
1,0.9999471
0,5.298011e-05
0,1.0941533e-23
1,1.0
0,5.220021e-20
0,7.654363e-20
0,1.197034e-07
0,8.527706e-18
0,9.8087615e-14
1,0.9999999
0,1.5248809e-10
0,5.831154e-11
1,0.9999778
0,2.2221293e-05
0,8.9895317e-13
0,1.6005126e-17
0,4.3294833e-07
1,0.9999995
0,1.5418039e-12
0,6.186253e-14
1,0.99999106
0,8.894422e-06
0,3.9347104e-13
0,5.8144755e-15
0,6.3485213e-06
1,0.9999937
0,2.3670488e-12
0,1.4013096e-16
0,2.3235145e-06
1,0.99999774
0,5.40022e-22
1,1.0
0,1.7344794e-18
0,4.5776874e-16
1,1.0
0,1.2137903e-16
0,1.3398948e-15
0,4.482643e-09
0,1.4270679e-05
0,1.9974772e-10
1,0.9072368
0,0.092748955
0,6.638134e-28
1,1.0
0,5.616892e-19
0,2.6074157e-21
0,1.5574025e-15
0,1.9492127e-17
1,0.9999995
0,4.900247e-07
0,4.1711237e-28
1,1.0
0,1.32367e-20
0,7.611121e-21
0,9.580902e-18
1,1.0
0,2.8385452e-10
0,6.0332835e-14
0,6.1240795e-09
0,3.628334e-13
0,5.05231e-09
1,1.0
0,1.4558988e-08
0,2.2478082e-15
1,1.0
0,2.9124655e-08
0,2.5850362e-26
0,5.462494e-32
1,1.0
0,5.7342353e-11
0,3.8918624e-28
1,1.0
0,1.3402002e-17
0,4.182481e-22
0,6.40476e-28
1,1.0
0,3.1873006e-18
0,1.3033629e-19
1,1.0
0,5.0834467e-12
0,9.840503e-11
0,8.1329454e-10
0,9.051934e-18
0,1.3198825e-21
1,0.9999999
0,1.3751485e-07
0,4.6954298e-21
1,1.0
0,2.3581185e-12
0,3.055522e-16
1,1.0
0,1.241794e-14
0,1.0143796e-10
0,4.6528773e-10
0,5.7565786e-30
1,1.0
0,4.077281e-29
0,1.5778719e-16
0,8.649537e-06
0,3.127266e-05
1,0.9952715
0,0.004688566
0,2.0313416e-26
1,1.0
0,2.5000852e-22
0,1.6212625e-20
1,1.0
0,1.3959429e-12
0,3.9349492e-11
0,6.0121585e-10
0,6.2985615e-05
0,1.4182275e-07
1,0.99904615
0,0.00089066516
0,5.0242484e-17
0,5.400635e-21
1,1.0
0,5.056716e-09
1,0.9999963
0,3.097443e-08
0,1.5205809e-07
0,3.5686187e-06
0,2.9582832e-06
0,9.547756e-09
1,0.96736723
0,0.03262975
0,3.5912703e-10
0,1.300797e-12
0,2.7322714e-10
1,1.0
0,6.196356e-11
0,3.6534913e-18
0,1.8413239e-08
1,1.0
0,4.0416744e-24
1,1.0
0,5.3914134e-21
0,1.9840258e-21
1,1.0
0,2.8865815e-13
0,3.55046e-10
0,1.42306025e-08
0,0.0005510884
0,1.0992056e-05
0,1.3630043e-06
1,0.99943656
0,3.0906904e-07
0,5.9007695e-11
1,0.999961
0,3.858665e-05
0,4.243834e-26
1,1.0
0,1.09981484e-16
0,1.3708297e-19
1,1.0
0,6.041983e-16
0,2.8625192e-12
0,4.113301e-09
0,5.0184826e-17
0,4.9947446e-24
0,8.63468e-11
1,1.0
1,1.0
0,1.2342075e-17
0,3.5215805e-10
0,1.4498479e-10
1,1.0
0,7.1989595e-18
0,5.703333e-15
0,9.657571e-15
1,1.0
0,3.4905318e-10
0,1.212041e-09
0,1.3409734e-08
1,1.0
0,2.2834035e-25
0,4.9825483e-23
0,1.4175437e-17
0,3.9037186e-25
1,1.0
0,1.3475443e-20
0,1.2167718e-15
0,5.489575e-14
0,3.25289e-20
0,6.7027797e-09
1,1.0
0,7.659646e-11
0,1.0520839e-14
0,1.2518186e-06
1,0.9999987
0,1.0177595e-10
0,4.451672e-20
0,1.9638707e-11
1,1.0
0,4.8935864e-29
1,1.0
0,4.9042598e-28
0,4.1330726e-16
0,1.8128594e-31
1,1.0
0,3.0923426e-23
0,8.449766e-25
0,6.673648e-15
0,1.4596207e-17
0,5.718592e-08
1,1.0
0,9.579484e-24
1,1.0
0,1.0924836e-18
0,6.754532e-22
0,8.129932e-26
1,1.0
0,1.696352e-16
0,3.292427e-20
0,1.3656013e-17
0,3.5657812e-19
1,1.0
0,2.1921833e-09
1,1.0
0,7.590818e-15
0,2.9470816e-13
0,2.6429618e-09
0,1.981088e-09
0,2.158312e-12
1,0.99999964
0,3.2987901e-07
1,1.0
0,1.0103088e-11
0,3.9221362e-11
0,7.55154e-11
1,1.0
0,1.477099e-14
0,2.1938657e-12
0,5.2734467e-10
1,0.9999995
0,6.4253897e-12
0,3.0156524e-08
0,4.9677834e-07
0,6.208971e-25
1,1.0
0,8.908253e-21
0,1.3032124e-21
0,6.835684e-24
1,1.0
0,6.855802e-21
0,2.5638306e-21
1,1.0
0,3.627336e-14
0,2.2754354e-09
0,9.944742e-09
1,1.0
0,5.7645067e-13
0,1.764618e-11
0,5.702191e-11
0,4.2160327e-08
0,5.7988777e-11
1,0.99999106
0,8.9117075e-06
0,1.1879163e-27
1,1.0
0,1.2592049e-22
0,3.0102178e-23
0,1.5889628e-15
0,4.9789728e-17
0,1.1659887e-09
1,1.0
0,6.173563e-19
0,1.3041865e-22
1,1.0
0,5.452562e-10
0,2.6717903e-10
0,5.30362e-20
0,7.834751e-11
1,1.0
1,1.0
0,1.704555e-19
0,1.1298335e-15
0,6.2858815e-12
1,1.0
0,1.4455896e-18
0,6.34239e-15
0,1.4631365e-12
1,0.9999962
0,1.5112762e-11
0,1.9241274e-07
0,3.5837097e-06
0,9.987775e-21
0,1.3245089e-27
1,1.0
0,8.4391033e-10
0,1.9046792e-15
0,1.5766408e-20
0,7.848844e-06
1,0.99999213
1,1.0
0,6.330638e-24
0,2.1691496e-20
0,8.634798e-14
0,7.275902e-26
0,1.6521681e-34
1,1.0
0,1.8359565e-10
0,5.3126715e-20
0,2.4380437e-25
1,1.0
0,2.8469145e-08
0,5.056303e-12
0,2.3119061e-14
1,1.0
0,4.6788326e-08
0,8.0618325e-19
1,1.0
0,3.9039488e-14
0,3.6170124e-15
0,1.13602716e-29
1,1.0
0,1.5460933e-20
0,1.6751499e-24
0,3.617313e-24
1,1.0
0,1.9028128e-23
0,2.683848e-22
0,1.411121e-07
0,5.0987446e-14
0,1.0497591e-08
1,0.9999999
0,2.5551825e-11
0,1.630546e-14
0,1.5358619e-05
1,0.9999846
0,5.3029843e-09
0,1.9833222e-14
1,0.9999584
0,4.1589876e-05
0,3.5397953e-22
1,1.0
0,4.1080693e-21
0,7.956208e-21
1,0.99999857
0,5.70601e-12
0,3.9098547e-09
0,1.4543663e-06
0,1.4789803e-24
1,1.0
0,7.242189e-22
0,2.5342745e-14
0,3.0667212e-16
0,4.7087014e-22
1,0.9999925
0,7.4883283e-06
0,4.1663686e-09
0,2.7696105e-12
1,0.99969274
0,0.0003072034
0,1.8661842e-26
1,1.0
0,3.0729968e-24
0,1.4304208e-20
0,1.5363511e-12
0,9.701743e-16
1,0.9999901
0,9.846711e-06
1,1.0
0,9.0464234e-23
0,4.4845463e-22
0,4.3884988e-18
0,2.0155229e-14
0,6.2963727e-22
0,1.2367092e-11
1,1.0
0,2.708534e-13
0,9.966419e-22
1,1.0
0,3.3954821e-09
0,1.375828e-26
1,1.0
0,5.336344e-24
0,7.358626e-21
0,1.4838669e-06
0,3.7786836e-07
0,0.0016302997
1,0.99836785
1,0.9999995
0,8.004427e-13
0,1.6631827e-08
0,4.9771825e-07
0,3.459037e-14
0,1.8708152e-13
0,1.1941357e-13
1,1.0
0,6.456366e-30
1,1.0
0,5.2070104e-29
0,1.86455e-16
0,9.634729e-28
1,1.0
0,3.897233e-24
0,1.5578315e-22
1,0.9999678
0,5.742334e-08
0,1.9354262e-05
0,1.2820952e-05
0,1.2043258e-24
1,1.0
0,2.8469647e-22
0,1.2353698e-19
1,1.0
0,1.4054153e-21
0,2.973612e-18
0,2.123103e-14
1,1.0
0,5.069447e-19
0,4.28604e-17
0,6.351694e-13
0,1.98427e-19
0,2.8369093e-26
0,1.4337481e-12
1,1.0
0,9.4444954e-26
1,1.0
0,1.2517445e-20
0,1.068225e-22
1,0.9999999
0,2.1391268e-17
0,7.0450776e-12
0,8.272017e-08
0,2.5906162e-15
0,5.0538983e-19
0,4.7583458e-06
1,0.99999523
0,1.130309e-06
0,2.5482507e-09
0,8.126374e-06
1,0.9999907
0,7.746295e-12
0,1.4692349e-14
0,5.2253604e-06
1,0.99999475
0,5.302853e-27
1,1.0
0,8.647463e-20
0,3.7146193e-20
0,1.4555584e-07
0,1.3747372e-09
1,0.9949026
0,0.005097302
0,9.183791e-06
0,6.8051627e-09
1,0.9998394
0,0.00015134402
0,2.2767147e-25
1,1.0
0,2.9236757e-15
0,4.6735772e-20
0,1.3209037e-08
0,1.565333e-12
0,4.993327e-08
1,0.9999999
0,3.9606443e-10
0,1.0153555e-10
0,3.7798305e-05
1,0.9999622
0,4.064485e-29
1,1.0
0,1.2405882e-19
0,7.0357234e-22
0,8.671356e-25
1,1.0
0,7.4601015e-19
0,1.5310717e-23
0,3.4466718e-12
0,6.138484e-17
0,9.574793e-08
1,0.9999999
0,1.0534701e-15
0,1.2682496e-20
0,7.411567e-08
1,0.9999999
0,6.657476e-17
0,3.9105565e-21
0,6.666828e-06
1,0.9999933
0,7.53189e-15
0,5.565256e-19
1,1.0
0,7.673087e-09
1,1.0
0,6.3962025e-24
0,1.7772114e-17
0,4.3827144e-16
0,6.913062e-26
1,1.0
0,1.1068318e-22
0,1.6633786e-21
0,5.043415e-07
0,1.261727e-09
1,0.99999917
0,3.4960277e-07
1,1.0
0,1.3420655e-20
0,3.1983646e-15
0,6.5339137e-16
0,5.4078397e-25
1,1.0
0,1.6773795e-19
0,3.162706e-23
1,0.9999999
0,5.369937e-12
0,8.198444e-12
0,1.0263343e-07
1,1.0
0,5.918256e-15
0,5.2387315e-13
0,1.3963251e-10
0,2.9640618e-20
0,9.240516e-24
1,1.0
0,1.7303337e-09
0,6.6758547e-25
1,1.0
0,6.301539e-22
0,2.6045292e-16
1,1.0
0,2.7263626e-14
0,2.1801605e-14
0,2.8582587e-08
1,1.0
0,4.374849e-15
0,2.7382328e-15
0,1.9648718e-14
0,6.3004766e-12
0,7.4919106e-16
0,6.252007e-08
1,0.9999999
0,3.185999e-11
0,2.290725e-16
0,8.8902596e-10
1,1.0
0,3.2872622e-06
0,1.2882633e-08
1,0.918849
0,0.081147656
1,1.0
0,2.5558154e-12
0,2.442964e-10
0,1.9558806e-09
0,9.164945e-14
0,3.2742515e-21
0,3.9102428e-08
1,1.0
1,1.0
0,5.9819744e-13
0,9.8801385e-09
0,1.5720527e-09
0,7.955233e-17
0,2.5967173e-22
1,0.99993646
0,6.350601e-05
0,3.554679e-11
0,3.4986942e-15
0,2.004155e-06
1,0.999998
1,1.0
0,5.9437633e-12
0,2.0479016e-08
0,7.2260105e-09
0,0.0001365784
0,1.1397749e-08
1,0.99434006
0,0.0055234
0,5.8202995e-11
0,8.865058e-13
0,2.8891561e-06
1,0.99999714
0,3.6336835e-19
0,7.814679e-22
1,1.0
0,9.261614e-10
0,1.2044162e-19
0,8.227405e-24
1,1.0
0,5.315995e-13
0,1.4775088e-16
0,7.277114e-21
0,5.885106e-11
1,1.0
0,7.087074e-27
1,1.0
0,6.6824127e-22
0,8.574171e-22
0,3.3293332e-19
1,1.0
0,3.3555034e-15
0,6.126911e-15
0,1.3333503e-06
0,1.13021e-11
0,0.00019779525
1,0.9998008
0,2.050482e-15
0,2.7005e-26
0,1.4408388e-10
1,1.0
0,1.324324e-24
1,1.0
0,1.4260059e-15
0,2.0287083e-19
0,1.2069621e-14
0,1.9916257e-18
1,0.9999994
0,6.496274e-07
1,1.0
0,1.9746562e-13
0,1.6003379e-15
0,1.8826412e-14
1,1.0
0,3.4195962e-23
0,2.638575e-20
0,9.168932e-14
0,3.5283159e-09
0,1.2179121e-13
0,3.5141955e-05
1,0.99996483
0,1.4538732e-19
0,7.870101e-25
1,1.0
0,1.7245701e-10
0,3.612735e-24
1,1.0
0,7.2299133e-20
0,1.7621182e-23
0,2.6276266e-08
0,1.706116e-11
1,0.9967738
0,0.0032262392
0,7.4213484e-29
1,1.0
0,2.4748941e-28
0,9.246372e-16
0,1.8526492e-13
0,4.9586334e-18
1,0.99407834
0,0.0059216134
0,3.4802654e-11
0,4.0582376e-16
0,4.1723816e-09
1,1.0
1,1.0
0,5.350908e-13
0,1.383392e-09
0,1.4713476e-08
0,5.3080726e-07
0,4.4397783e-09
0,0.0004925127
1,0.99950695
0,4.512387e-10
0,3.748691e-15
0,7.542208e-07
1,0.9999993
0,8.336039e-07
0,4.4316974e-11
0,0.0006668294
1,0.99933225
0,0.1951864
0,4.9676487e-06
1,0.7992638
0,0.005544861
1,1.0
0,1.3211701e-13
0,1.380641e-15
0,5.37892e-11
1,1.0
0,3.63021e-17
0,6.133988e-14
0,8.006828e-13
0,1.6911782e-29
1,1.0
0,1.4498967e-19
0,4.325527e-24
0,3.7608936e-24
0,5.487646e-30
1,1.0
0,1.6243914e-13
0,6.5021353e-09
0,9.81725e-16
0,5.42323e-10
1,1.0
0,2.8942863e-26
1,1.0
0,3.897397e-24
0,3.3978326e-21
0,5.6691274e-10
0,2.8314214e-11
1,0.99999964
0,4.111468e-07
0,4.1403726e-14
0,4.7562186e-16
1,0.9999975
0,2.5082836e-06
1,1.0
0,3.415617e-17
0,1.1086281e-14
0,1.5792971e-11
0,1.1339008e-09
0,1.7059128e-11
0,3.9368144e-05
1,0.99996066
0,4.157287e-21
1,1.0
0,1.7108684e-18
0,1.1798583e-14
1,1.0
0,1.0524494e-16
0,3.9258982e-16
0,2.2089107e-15
1,1.0
0,1.466122e-13
0,3.052853e-13
0,1.1041764e-12
0,8.572094e-11
0,2.7942735e-16
0,1.1508756e-13
1,1.0
1,0.9999999
0,7.252692e-15
0,1.2333775e-12
0,1.4915697e-07
0,5.1833837e-07
0,6.8137543e-18
0,9.235352e-12
1,0.9999995
0,9.062302e-25
1,1.0
0,1.8227969e-23
0,5.716598e-15
1,1.0
0,3.1679442e-13
0,2.3741181e-11
0,1.5971267e-08
1,1.0
0,2.8009225e-12
0,2.0233086e-09
0,5.3013064e-08
1,1.0
0,7.072037e-18
0,1.3687998e-15
0,5.089238e-16
0,7.776524e-11
0,2.3603952e-16
0,3.1647742e-09
1,1.0
1,1.0
0,5.2261266e-13
0,5.9368066e-12
0,3.6488423e-09
1,1.0
0,9.182265e-22
0,3.7593378e-20
0,1.0769684e-15
0,3.3140239e-13
0,1.1991539e-18
1,1.0
0,1.0867329e-11
0,6.13118e-15
0,1.2367634e-19
1,0.99999833
0,1.6763307e-06
0,6.1273914e-10
0,1.15755e-13
0,4.2452575e-07
1,0.9999995
0,4.7130055e-07
0,1.5673597e-15
1,0.99999833
0,1.2109709e-06
1,0.9999919
0,6.650428e-08
0,2.4264125e-06
0,5.640943e-06
0,1.0929571e-12
0,2.7746697e-15
0,3.7087684e-05
1,0.9999629
0,3.1896774e-30
1,1.0
0,4.728068e-22
0,1.2687559e-23
0,2.1584888e-13
0,1.8841247e-14
0,5.2081034e-10
1,1.0
1,1.0
0,1.13423194e-11
0,1.018207e-08
0,2.1765025e-08
0,1.0623886e-11
0,2.6000227e-15
1,0.97581035
0,0.02418972
0,1.9141932e-13
0,8.777934e-14
0,5.709568e-07
1,0.9999994
0,8.7958995e-07
0,1.2251158e-10
0,9.113168e-05
1,0.999908
0,1.7415896e-08
0,8.185585e-09
0,0.00032379004
1,0.99967617
0,8.008795e-08
0,2.2095901e-12
0,0.0003212741
1,0.99967855
1,1.0
0,5.426591e-22
0,1.75242e-21
0,3.262501e-17
0,3.885284e-24
1,1.0
0,6.53527e-20
0,1.814278e-23
1,1.0
0,3.577906e-20
0,4.436743e-17
0,1.4235839e-12
0,4.7173054e-25
1,1.0
0,7.031966e-22
0,6.0729264e-15
0,8.604002e-11
0,7.822587e-13
0,7.46652e-08
1,0.9999999
0,2.8225724e-11
0,1.9596129e-17
0,6.1095625e-07
1,0.9999994
0,1.06885306e-10
0,1.6730877e-16
0,5.1085802e-09
1,1.0
0,1.6509199e-20
1,1.0
0,6.578785e-15
0,2.7839648e-15
0,4.584176e-05
0,3.2977214e-06
0,8.686918e-05
1,0.999864
1,1.0
0,2.2733441e-13
0,3.3021003e-12
0,1.4306628e-10
0,6.722836e-12
0,2.6775035e-11
1,0.99999475
0,5.2506066e-06
0,9.622897e-08
0,1.0805896e-13
0,1.1014839e-06
1,0.9999988
0,4.187327e-11
0,2.329286e-16
0,3.6158501e-06
1,0.9999964
1,0.99999917
0,1.2283874e-09
0,1.9467242e-08
0,8.7621555e-07
1,1.0
0,3.8016167e-11
0,1.405616e-10
0,2.649537e-10
1,1.0
0,4.1136855e-20
0,2.5873003e-15
0,3.4532016e-11
0,6.7817497e-28
1,1.0
0,1.9213286e-19
0,5.116731e-21
0,6.4360165e-08
0,1.4302101e-10
1,0.99997926
0,2.056554e-05
0,6.4392495e-14
0,4.2342285e-26
0,1.5271866e-12
1,1.0
1,1.0
0,3.2371073e-20
0,7.974855e-16
0,1.9774923e-11
0,1.6710317e-11
0,2.9149834e-19
1,1.0
0,3.180782e-08
0,8.737307e-14
0,1.3171307e-20
0,1.1315595e-06
1,0.9999989
0,2.1874866e-14
0,4.086977e-16
1,0.99999976
0,1.8635376e-07
0,5.983379e-24
1,1.0
0,6.499293e-21
0,2.4459763e-21
0,2.6282273e-28
1,1.0
0,1.73952e-20
0,3.2892494e-21
1,1.0
0,9.920381e-20
0,5.392109e-15
0,4.3639216e-12
0,3.9622176e-31
1,1.0
0,2.5866482e-23
0,1.9549025e-25
0,1.3630569e-16
0,3.9511583e-21
1,0.9999999
0,1.6097013e-07
1,1.0
0,4.9275993e-16
0,3.5630558e-11
0,3.3908076e-10
1,0.9999976
0,2.7921946e-12
0,2.0819227e-10
0,2.331285e-06
0,7.735161e-30
0,3.5105872e-37
1,1.0
0,6.243578e-17
0,1.548589e-29
1,1.0
0,4.9258227e-20
0,1.6355214e-24
1,1.0
0,3.7978585e-17
0,6.500026e-13
0,5.1552385e-10
1,1.0
0,1.1229835e-09
0,6.6639694e-11
0,1.96817e-09
0,2.6043248e-28
1,1.0
0,1.7446837e-20
0,3.2443623e-21
0,6.443553e-28
1,1.0
0,6.143492e-19
0,2.3279912e-21
0,2.1623853e-06
0,1.616412e-13
0,3.0832803e-06
1,0.99999475
0,7.585972e-06
0,1.5857532e-07
1,0.98726404
0,0.01272829
1,1.0
0,1.143149e-12
0,2.1207287e-09
0,8.850576e-12
1,1.0
0,1.480512e-14
0,3.0600512e-14
0,2.3077003e-09
0,4.1722814e-15
0,3.2548176e-14
0,7.510486e-15
1,1.0
0,1.418538e-11
0,7.138454e-15
1,0.9999925
0,7.5157236e-06
0,6.2887024e-26
1,1.0
0,8.439108e-24
0,2.0945871e-16
1,1.0
0,1.1092682e-19
0,2.5417075e-12
0,2.9823511e-12
1,1.0
0,4.1864888e-14
0,7.683023e-11
0,4.374512e-09
1,1.0
0,1.460276e-12
0,6.201618e-11
0,8.6591595e-10
1,1.0
0,4.3028524e-15
0,2.5260115e-11
0,1.5678935e-09
0,2.397353e-14
0,1.5181792e-17
1,0.9996852
0,0.00031472737
1,0.9999713
0,5.0695883e-09
0,2.773835e-08
0,2.8750213e-05
0,2.7618553e-24
1,1.0
0,5.8350698e-21
0,2.255609e-21
1,1.0
0,5.2757537e-20
0,3.4519206e-13
0,2.1348273e-13
0,7.8022575e-11
0,2.0080944e-14
0,5.5245055e-05
1,0.9999448
0,9.612065e-12
0,1.2747014e-15
1,0.9932763
0,0.0067236125
1,0.9999995
0,6.0866575e-14
0,2.1336573e-10
0,4.6348657e-07
0,8.766688e-15
0,3.3609544e-18
1,0.99999964
0,3.8310304e-07
0,1.4340872e-12
0,5.9070764e-20
0,6.015132e-09
1,1.0
1,1.0
0,5.8085074e-14
0,5.2531552e-11
0,1.0119028e-09
0,5.233258e-11
0,3.0359315e-15
1,0.99972814
0,0.00027188048
0,6.654778e-17
0,2.8810556e-19
0,1.4737961e-09
1,1.0
0,1.1670127e-12
0,8.482013e-21
0,5.597047e-10
1,1.0
1,0.99999964
0,3.3654184e-11
0,4.262408e-08
0,3.732668e-07
0,4.6115485e-08
0,1.93187e-12
1,0.99881953
0,0.0011803899
0,8.201533e-14
0,2.1876809e-20
1,1.0
0,7.52074e-10
0,4.3265334e-09
0,3.5506357e-14
1,0.9994718
0,0.0005282253
1,1.0
0,2.6028237e-14
0,1.4880533e-11
0,3.6950752e-08
0,4.300182e-13
0,1.9115951e-22
0,6.941678e-12
1,1.0
0,6.366485e-09
0,3.918122e-12
1,0.99990547
0,9.451461e-05
0,2.5712207e-13
0,8.846874e-17
0,4.130709e-12
1,1.0
1,1.0
0,4.1241406e-17
0,2.715301e-12
0,7.022838e-11
0,1.7687828e-26
1,1.0
0,3.0860803e-26
0,4.1683677e-15
0,5.963258e-09
0,1.7483473e-13
0,7.572335e-08
1,0.9999999
0,1.046425e-11
0,2.1388605e-14
0,1.3634804e-05
1,0.9999864
0,1.2969606e-14
0,1.0644359e-18
0,6.822895e-08
1,0.9999999
0,3.963682e-09
0,1.4356569e-13
0,3.7972532e-07
1,0.99999964
1,1.0
0,2.1249717e-13
0,1.5863886e-15
0,1.6720967e-11
0,3.3271553e-23
0,9.64315e-28
1,1.0
0,2.380506e-12
0,5.2104915e-20
0,2.2252053e-25
1,1.0
0,4.342566e-12
0,1.1232657e-25
1,1.0
0,1.6409907e-23
0,1.28914755e-14
0,5.305442e-10
0,1.8269027e-11
1,0.9999989
0,1.0287926e-06
0,1.8168653e-10
0,5.9941167e-15
1,0.99999166
0,8.286313e-06
1,1.0
0,1.3400668e-14
0,2.7872898e-16
0,1.27621e-11
0,5.31297e-12
0,4.348302e-17
0,1.2193129e-06
1,0.9999988
0,9.673956e-07
0,2.9360452e-08
0,0.008988487
1,0.99101055
1,1.0
0,1.8444932e-17
0,3.5118894e-13
0,4.1508708e-09
0,5.956211e-24
1,1.0
0,2.8210958e-21
0,1.482789e-15
0,1.2566596e-10
0,1.9545517e-14
0,3.9810313e-10
1,1.0
1,1.0
0,6.4242453e-18
0,5.0706715e-13
0,1.2586296e-09
0,2.572061e-27
1,1.0
0,3.0445233e-26
0,2.9466963e-15
1,1.0
0,6.175009e-16
0,3.905711e-12
0,1.5229405e-11
0,1.8480809e-14
0,2.4070966e-16
0,3.0742453e-09
1,1.0
0,3.513097e-12
0,1.2507257e-16
0,3.2072585e-08
1,1.0
0,7.1078744e-25
1,1.0
0,2.3878014e-22
0,1.975559e-14
0,7.362611e-15
0,4.819423e-17
0,3.3030412e-06
1,0.99999666
0,9.718343e-27
1,1.0
0,4.6467613e-16
0,1.6891302e-19
0,1.3365252e-23
1,1.0
0,2.990663e-19
0,6.588126e-23
1,1.0
0,1.5062173e-26
0,7.334202e-25
0,6.2557573e-18
0,1.078093e-18
0,1.234162e-22
0,6.1224443e-09
1,1.0
1,1.0
0,4.435362e-14
0,2.9533192e-11
0,7.5351165e-09
1,1.0
0,6.691241e-14
0,2.4585964e-09
0,1.0420937e-10
1,1.0
0,1.09140534e-17
0,2.1631136e-16
0,1.9927426e-12
0,1.45136e-23
1,1.0
0,1.9258635e-19
0,2.2980263e-22
0,1.1537812e-28
1,1.0
0,4.3828156e-23
0,1.2428451e-23
1,0.9999999
0,3.4059683e-10
0,3.719189e-10
0,9.48804e-08
0,1.8779365e-21
0,3.918521e-24
1,1.0
0,1.3006247e-10
0,1.1575131e-24
1,1.0
0,1.4800138e-23
0,9.115881e-15
0,6.364777e-11
0,1.2304722e-15
1,0.99999285
0,7.117056e-06
0,1.4732842e-08
0,2.895876e-10
0,0.00012467024
1,0.9998753
0,1.2411293e-24
1,1.0
0,6.9836946e-20
0,2.1172025e-22
0,2.5377692e-16
0,2.6987775e-28
0,1.1684554e-13
1,1.0
0,6.86166e-14
0,9.3724546e-20
0,2.429343e-07
1,0.99999976
0,1.5066523e-28
1,1.0
0,3.1835687e-19
0,1.8910918e-21
0,6.633999e-12
0,1.1589538e-16
0,1.6575392e-09
1,1.0
0,3.4245986e-14
0,4.722629e-20
0,2.5671023e-11
1,1.0
1,1.0
0,3.8479655e-17
0,2.4082127e-12
0,8.4129076e-10
0,8.700078e-12
0,2.0409562e-13
0,7.3135243e-06
1,0.9999927
0,2.2717699e-10
0,3.0911183e-14
0,3.2382935e-12
1,1.0
0,4.755561e-15
0,5.491315e-21
0,1.7940757e-11
1,1.0
0,1.0082028e-11
0,4.5818525e-13
0,4.3670198e-08
1,1.0
0,1.0831016e-15
0,5.0326256e-16
0,1.4758849e-06
1,0.99999857
0,5.037242e-24
1,1.0
0,9.196278e-24
0,1.03531455e-13
1,1.0
0,9.6772345e-21
0,1.6507469e-16
0,5.052202e-10
0,8.429307e-21
0,1.555466e-17
0,2.5516993e-12
1,1.0
0,3.720734e-16
0,5.6347333e-21
1,0.99999857
0,1.4043843e-06
0,1.026136e-12
0,6.201746e-19
0,1.6625981e-10
1,1.0
1,1.0
0,1.8064384e-17
0,3.4146524e-10
0,1.2591735e-11
0,4.133677e-21
1,1.0
0,1.2136001e-13
0,8.589514e-17
0,1.7426367e-18
0,4.466834e-25
1,1.0
0,8.698254e-11
1,1.0
0,5.4995004e-25
0,7.8575666e-24
0,1.5389287e-17
0,9.777098e-26
1,1.0
0,8.041234e-24
0,4.1529544e-16
0,1.4157714e-24
1,1.0
0,4.188691e-15
0,1.8267136e-18
1,0.99999976
0,5.747311e-10
0,2.49738e-07
0,4.166728e-08
0,1.010943e-13
0,2.3746368e-15
1,0.99999917
0,8.088444e-07
0,2.0558437e-18
0,2.7297233e-22
1,1.0
0,1.0896584e-09
0,1.7512409e-13
0,2.1233148e-20
1,0.999998
0,2.0104071e-06
0,2.679673e-07
0,4.0237147e-08
1,0.9999995
0,1.4043165e-07
1,1.0
0,7.353522e-09
0,2.0392114e-10
0,3.5120724e-08
0,7.6321344e-10
0,1.6298943e-11
1,0.99962544
0,0.0003744831
1,1.0
0,1.0676476e-20
0,1.8675201e-14
0,1.1297626e-11
0,4.7390136e-09
0,1.42038e-13
1,0.9999865
0,1.34285265e-05
1,1.0
0,9.858611e-15
0,6.967215e-11
0,1.150378e-12
0,2.1291164e-22
1,1.0
0,2.2376669e-18
0,2.1776178e-17
1,1.0
0,1.9422194e-12
0,3.1703713e-11
0,3.1939364e-09
1,1.0
0,7.867074e-24
0,7.4086176e-22
0,4.4729543e-18
0,2.4657208e-24
1,1.0
0,3.7956036e-22
0,7.927177e-23
0,1.0396032e-08
0,6.028797e-14
0,1.5235165e-10
1,1.0
0,3.383567e-20
1,1.0
0,6.013524e-21
0,5.409589e-19
1,1.0
0,6.7513518e-18
0,1.7565024e-14
0,1.7594556e-11
0,7.505248e-10
0,1.6665131e-09
0,1.805889e-07
1,0.99999976
0,4.201625e-21
0,1.6627854e-25
1,1.0
0,3.552077e-11
0,6.973075e-08
0,5.8953634e-11
1,0.9999924
0,7.477588e-06
1,1.0
0,3.0493616e-24
0,1.4321974e-17
0,1.263566e-12
0,4.0476675e-10
0,1.5755666e-11
1,0.9995978
0,0.00040214366
1,1.0
0,6.434774e-16
0,1.7980221e-11
0,5.610664e-10
1,1.0
0,2.7585996e-18
0,1.5733125e-13
0,3.049581e-10
0,2.156671e-23
1,1.0
0,7.754439e-19
0,1.1780158e-19
0,4.2162914e-25
1,1.0
0,4.0126635e-20
0,1.7245465e-22
0,8.7100206e-12
0,2.4333175e-15
0,1.3518697e-08
1,1.0
0,3.1740105e-28
1,1.0
0,2.7882632e-27
0,1.8128326e-15
0,1.1503926e-06
0,2.0671596e-13
0,1.4968311e-05
1,0.9999839
0,2.9856222e-09
0,1.7037776e-12
1,0.8608494
0,0.13915065
0,3.0140295e-25
1,1.0
0,3.519243e-18
0,9.109483e-23
1,1.0
0,6.060869e-15
0,1.5191044e-12
0,2.5872142e-09
1,1.0
0,7.336489e-12
0,1.9936732e-09
0,4.8530286e-08
1,1.0
0,5.938096e-20
0,2.0204399e-16
0,5.3854156e-12
0,7.608426e-12
0,1.9427367e-13
0,1.06475454e-07
1,0.9999999
0,6.0232366e-09
0,1.4913255e-12
1,0.99838567
0,0.0016143118
0,1.038418e-08
0,4.87961e-12
0,0.037349768
1,0.96265024
0,3.992598e-08
0,9.384309e-12
1,0.9999933
0,6.617186e-06
0,8.3829746e-14
0,5.9119107e-18
1,0.9973682
0,0.0026317
0,2.2020598e-07
0,8.671961e-09
0,6.9758466e-06
1,0.99999285
0,6.7890576e-18
1,1.0
0,2.1466265e-14
0,2.0184428e-14
0,6.664398e-27
0,6.7194885e-34
1,1.0
0,2.2707311e-13
0,4.766045e-28
1,1.0
0,5.458489e-19
0,4.139784e-21
0,2.329005e-09
0,1.1860899e-11
1,0.9999715
0,2.8455484e-05
0,9.135149e-17
0,2.427328e-21
1,0.99999905
0,9.21236e-07
1,1.0
0,1.2474475e-12
0,1.2273157e-09
0,3.8244956e-08
0,6.839208e-09
0,1.7765889e-09
0,0.0005258935
1,0.99947405
0,3.976826e-18
0,5.7381414e-22
1,1.0
0,1.525248e-08
1,1.0
0,7.523841e-17
0,4.7945285e-13
0,7.7268353e-10
0,3.0885136e-10
0,4.2641404e-16
0,1.3021642e-13
1,1.0
0,5.6844156e-22
1,1.0
0,1.6340111e-18
0,5.2564594e-16
0,4.0098485e-09
0,8.563287e-15
1,0.99998116
0,1.8799967e-05
0,1.0765094e-15
0,8.917539e-22
1,0.9992574
0,0.0007426158
0,6.120906e-15
0,2.5145052e-17
1,0.9999999
0,6.830825e-08
1,1.0
0,2.0334986e-17
0,9.593534e-15
0,9.0350327e-10
1,1.0
0,1.9745205e-13
0,4.4875832e-11
0,1.442592e-08
0,2.7044338e-09
0,1.389384e-15
1,0.9999993
0,7.1703676e-07
0,3.0520093e-09
0,1.7425648e-13
1,0.99536645
0,0.0046335654
0,1.9614963e-06
0,1.787023e-09
1,0.99995685
0,4.1236377e-05
0,6.460892e-11
0,1.2991717e-12
1,0.9999932
0,6.8330282e-06
0,1.1885923e-26
1,1.0
0,3.358256e-23
0,1.9136473e-20
0,6.4440684e-13
0,3.4835302e-16
1,0.99999225
0,7.765997e-06
0,2.093189e-07
0,6.444653e-11
1,0.9999981
0,1.6658948e-06
0,1.8088868e-09
0,1.6450444e-17
0,4.5400097e-09
1,1.0
0,2.803384e-10
0,2.4187193e-18
0,2.66063e-12
1,1.0
0,5.919873e-06
0,3.998651e-08
1,0.9990521
0,0.00094189355
0,2.0590907e-20
0,1.4769279e-24
1,0.9999999
0,1.5963325e-07
0,1.25459e-08
0,2.322104e-13
0,1.2471166e-06
1,0.9999987
0,4.9022044e-13
0,2.725376e-14
0,1.4731722e-06
1,0.99999857
0,3.0590067e-07
0,2.4941548e-14
0,2.8156202e-07
1,0.9999994
0,2.8685366e-16
0,9.702888e-21
1,1.0
0,3.8775124e-08
0,1.3721443e-09
0,1.0126194e-15
1,0.99999785
0,2.1675207e-06
1,1.0
0,4.9340887e-16
0,1.4511973e-11
0,1.3975061e-09
0,1.1754321e-16
0,2.601324e-22
1,1.0
0,4.0543465e-08
0,1.6781172e-07
0,2.7950498e-11
0,0.00012889654
1,0.9998709
1,1.0
0,2.4951584e-23
0,2.1679792e-16
0,9.920827e-14
1,1.0
0,4.1949906e-23
0,2.4845612e-21
0,7.503596e-12
0,1.831557e-07
0,2.6438899e-12
1,0.99983
0,0.00016977811
0,8.065649e-11
0,1.1620411e-13
0,9.239536e-15
1,1.0
0,2.5591543e-08
0,1.1880284e-12
1,0.99818105
0,0.0018189142
0,9.185826e-17
0,1.0219724e-18
1,0.9999999
0,1.1273442e-07
0,5.412402e-08
0,3.7582645e-10
0,0.0066466318
1,0.99335325
1,1.0
0,4.7402386e-15
0,5.102776e-13
0,2.2434088e-08
0,3.005667e-20
1,1.0
0,1.7453938e-15
0,4.1913424e-16
0,9.4045936e-17
0,3.6121227e-19
1,0.99999976
0,2.8856428e-07
1,1.0
0,1.9979907e-12
0,4.003017e-12
0,1.6699477e-08
1,1.0
0,3.927486e-16
0,1.6102792e-12
0,2.2132603e-10
0,1.6437401e-24
0,3.940452e-31
1,1.0
0,1.1852129e-14
1,1.0
0,5.2975246e-16
0,2.7308334e-14
0,1.5677739e-09
0,6.1957073e-10
0,7.1179414e-17
1,0.99999976
0,1.8471442e-07
0,2.024366e-08
0,4.1820953e-11
1,0.8824913
0,0.11750879
1,1.0
0,1.7029751e-12
0,1.7009206e-08
0,1.8056326e-09
0,3.697512e-13
0,3.1695033e-17
1,1.0
0,1.3199563e-09
1,1.0
0,1.6595265e-12
0,1.5699567e-11
0,1.5966972e-08
0,4.9136414e-28
0,3.6297472e-35
1,1.0
0,4.648488e-13
1,1.0
0,8.937383e-15
0,5.3326264e-14
0,6.4670453e-13
0,4.455845e-23
1,1.0
0,3.0947626e-15
0,1.8284844e-18
0,1.2715346e-27
1,1.0
0,9.0195e-18
0,7.734695e-21
1,0.9999999
0,2.0972445e-13
0,9.272199e-14
0,6.249921e-08
0,1.3450326e-28
1,1.0
0,1.9445471e-27
0,5.967971e-16
0,1.691421e-11
0,2.895905e-12
0,3.0028918e-06
1,0.999997
0,1.578109e-13
0,7.2389096e-20
0,1.222177e-08
1,1.0
0,2.9989593e-25
1,1.0
0,1.4239762e-18
0,3.467172e-23
1,1.0
0,1.0824282e-18
0,3.5714653e-15
0,6.4951896e-14
0,1.141361e-07
0,5.4963926e-11
1,0.9999999
0,3.8517133e-08
0,1.8926055e-08
0,5.702102e-12
1,0.9999924
0,7.643898e-06
0,1.9811976e-28
1,1.0
0,7.727246e-18
0,9.631452e-22
0,1.9696578e-11
0,7.312082e-15
1,0.9996943
0,0.00030567573
1,1.0
0,9.189555e-22
0,1.2864392e-20
0,5.259247e-16
0,4.093265e-24
0,1.0382862e-29
1,1.0
0,6.4088812e-12
0,2.2826359e-11
0,3.6970728e-14
0,3.0375908e-08
1,1.0
0,1.21726e-14
0,5.053279e-22
0,7.304549e-10
1,1.0
0,6.531124e-23
1,1.0
0,2.8207192e-21
0,9.198252e-22
1,1.0
0,4.2776934e-17
0,5.6118196e-14
0,3.2895026e-12
0,1.4397465e-07
0,7.7565184e-13
0,0.00010464849
1,0.9998952
0,3.6807315e-14
0,6.667334e-14
1,0.999997
0,2.9778496e-06
0,1.5970302e-18
1,1.0
0,7.287565e-12
0,1.1511296e-14
1,1.0
0,2.751806e-21
0,1.5399512e-16
0,2.848074e-10
1,1.0
0,7.2253206e-13
0,8.337646e-15
0,4.7908512e-14
0,1.915483e-25
1,1.0
0,1.7408295e-18
0,7.0313463e-23
0,9.7238945e-29
1,1.0
0,3.0369959e-18
0,2.6254197e-22
0,1.0926015e-13
0,3.3838932e-15
1,0.9994646
0,0.0005354132
1,1.0
0,1.2926403e-23
0,1.6837823e-21
0,2.1677385e-17
1,0.99831355
0,3.3405013e-07
0,0.00013879444
0,0.001547323
1,0.99999595
0,7.8759444e-13
0,1.1722344e-09
0,4.035229e-06
0,5.8737933e-14
0,4.4022908e-21
0,4.939167e-11
1,1.0
1,0.9999509
0,1.4930506e-09
0,1.1418603e-07
0,4.8980284e-05
0,9.900673e-22
1,1.0
0,3.3218612e-19
0,1.0757818e-15
0,1.990404e-18
0,3.1212495e-22
1,0.9999999
0,1.2791722e-07
0,2.4450336e-10
0,3.0563002e-18
0,3.0967087e-09
1,1.0
0,5.109297e-22
1,1.0
0,1.4764192e-19
0,9.909584e-16
0,4.793564e-26
1,1.0
0,1.3681937e-16
0,2.2011917e-20
0,2.8766747e-26
1,1.0
0,3.9980815e-15
0,1.8077523e-20
0,3.1067445e-30
1,1.0
0,2.0530661e-21
0,1.4010398e-24
0,7.059229e-27
1,1.0
0,1.2585367e-23
0,1.818778e-20
0,1.6535186e-25
1,1.0
0,1.0917065e-22
0,5.6361205e-20
0,3.8207152e-25
1,1.0
0,1.6993723e-21
0,4.7764696e-15
0,7.994003e-26
1,1.0
0,2.584882e-16
0,1.8132776e-20
0,4.757584e-06
0,2.4289665e-07
0,7.262133e-06
1,0.9999877
0,4.3169757e-09
0,1.4141546e-11
0,1.1006252e-06
1,0.9999989
0,2.6021723e-26
1,1.0
0,1.2190616e-16
0,1.1139788e-20
0,0.0005571125
0,1.2076892e-05
1,0.19967717
0,0.79975367
1,1.0
0,1.4664743e-17
0,1.5541874e-14
0,2.0376759e-10
1,1.0
0,9.199192e-16
0,3.219318e-13
0,3.6471586e-09
0,3.730244e-25
1,1.0
0,3.5747958e-20
0,9.627756e-19
0,7.594608e-15
0,2.4035312e-19
0,6.037877e-07
1,0.9999994
0,6.213198e-10
0,2.3711239e-13
1,0.9999825
0,1.752514e-05
0,5.579006e-07
0,9.31751e-13
0,2.308864e-06
1,0.99999714
0,5.830863e-14
0,2.0848166e-21
0,2.537803e-12
1,1.0
0,1.6055952e-09
0,3.9413534e-16
0,1.5733652e-07
1,0.9999999
0,2.142108e-13
0,7.0077423e-19
0,2.5693287e-09
1,1.0
1,1.0
0,3.4316738e-10
0,6.300141e-12
0,1.4218549e-09
0,5.6086646e-21
1,1.0
0,2.067891e-13
0,1.3165571e-16
1,0.9999999
0,1.3714352e-13
0,8.433447e-12
0,1.7511094e-07
1,1.0
0,1.0653913e-13
0,2.6558796e-08
0,3.113291e-09
0,6.5604753e-12
0,5.4932564e-16
0,2.2664315e-08
1,1.0
0,6.576305e-14
0,1.0731133e-23
0,1.1876469e-08
1,1.0
0,1.3904006e-26
1,1.0
0,2.2512636e-25
0,6.0142994e-15
0,1.0987824e-11
0,6.813107e-12
0,0.0023999151
1,0.99760014
0,5.3408476e-11
0,5.4839086e-15
1,0.99997485
0,2.5167608e-05
0,2.6185516e-27
1,1.0
0,3.5169004e-22
0,3.8775586e-22
0,1.0800521e-06
0,2.4539497e-11
0,0.00056769775
1,0.9994312
0,2.7298677e-23
1,1.0
0,4.143801e-19
0,1.5053395e-17
0,4.425094e-26
1,1.0
0,9.592224e-21
0,6.923689e-21
1,0.99999976
0,1.1637475e-15
0,5.221734e-12
0,2.474986e-07
0,7.517344e-28
1,1.0
0,9.984728e-21
0,2.0223556e-20
0,5.749146e-20
0,4.556228e-22
1,1.0
0,2.1011448e-09
0,3.2199216e-07
0,2.4661848e-09
1,0.9999651
0,3.4545013e-05
1,1.0
0,8.4108795e-19
0,2.7394615e-18
0,5.458446e-12
0,1.1818755e-23
1,1.0
0,1.804349e-20
0,5.062176e-21
1,0.9999999
0,7.628199e-13
0,3.0860066e-09
0,1.1138947e-07
0,1.4048975e-07
0,7.445094e-11
1,0.9951064
0,0.0048934626
1,1.0
0,4.648944e-15
0,4.552092e-15
0,1.39001815e-08
1,1.0
0,4.902119e-24
0,1.3073602e-21
0,1.4840413e-20
1,1.0
0,5.2518147e-14
0,2.5454253e-11
0,1.8137018e-10
1,1.0
0,2.5044445e-17
0,2.2772662e-14
0,3.2030884e-12
0,3.3613405e-14
0,3.2296143e-16
0,2.1046837e-08
1,1.0
0,4.1496723e-10
0,3.0908802e-15
0,1.8246428e-07
1,0.99999976
0,1.7348719e-23
1,1.0
0,4.278013e-20
0,1.7018886e-22
0,3.5515686e-26
1,1.0
0,6.3559455e-25
0,4.009397e-16
0,3.6681634e-12
0,1.1364869e-16
0,5.9780086e-05
1,0.99994016
0,1.6651554e-10
0,3.6088604e-14
1,0.9999976
0,2.3265366e-06
0,4.9806536e-21
1,1.0
0,1.1307045e-15
0,4.923334e-16
0,1.566702e-07
0,2.0622751e-06
1,0.99999785
0,1.920936e-08
1,1.0
0,4.794213e-15
0,5.3376737e-14
0,1.4736442e-09
0,1.0769958e-12
0,1.3524846e-16
1,0.999858
0,0.00014197518
0,1.3219301e-26
1,1.0
0,3.1857278e-21
0,2.1496015e-21
0,6.591237e-14
0,3.2587518e-17
0,3.98323e-05
1,0.9999602
0,1.7912209e-22
1,1.0
0,1.2458318e-14
0,7.698001e-18
0,9.979523e-26
1,1.0
0,6.4541757e-22
0,4.3727837e-21
0,1.6403998e-11
0,9.397239e-18
0,1.9483714e-08
1,1.0
0,1.5628029e-09
0,2.0890716e-10
0,4.1699096e-08
1,1.0
0,1.4598302e-20
0,1.8205157e-25
1,1.0
0,9.510167e-11
0,1.971545e-23
1,1.0
0,7.1627276e-23
0,1.3385318e-21
0,2.5445987e-27
1,1.0
0,3.8522643e-27
0,7.1395425e-15
1,1.0
0,3.3116776e-14
0,2.3654871e-09
0,8.859119e-09
0,1.159677e-12
0,2.4233957e-23
0,9.1901187e-10
1,1.0
0,2.4454498e-09
0,5.7134947e-10
0,5.3350825e-05
1,0.9999466
0,3.1166562e-15
0,4.192687e-23
0,5.4893087e-12
1,1.0
0,2.6315687e-20
1,1.0
0,2.1054912e-15
0,3.3767403e-16
1,1.0
0,2.0593065e-13
0,4.0818257e-10
0,4.044063e-10
0,4.615392e-21
1,1.0
0,5.4531224e-18
0,8.886626e-15
1,1.0
0,2.990441e-15
0,1.6101056e-14
0,4.23892e-09
0,0.007199574
0,2.1205897e-05
1,0.98887396
0,0.0039052018
1,1.0
0,4.4694887e-27
0,1.6256313e-24
0,1.1573349e-19
0,1.4303594e-09
0,6.6242593e-15
0,7.840688e-07
1,0.99999917
0,6.1154914e-23
1,1.0
0,3.696094e-17
0,9.534016e-18
0,6.3683995e-24
1,1.0
0,1.5481486e-18
0,3.8224847e-22
0,6.394235e-29
1,1.0
0,1.8218335e-20
0,6.151828e-23
0,1.8770024e-24
1,1.0
0,3.1242398e-22
0,1.6536414e-14
1,0.993624
0,2.393729e-09
0,1.5018996e-07
0,0.006375825
1,1.0
0,1.1636786e-12
0,4.014272e-12
0,1.146408e-10
0,2.92075e-26
1,1.0
0,4.2241884e-21
0,1.5273405e-20
1,1.0
0,8.961783e-17
0,4.4034824e-14
0,6.544294e-11
1,1.0
0,9.451199e-11
0,5.9360037e-08
0,9.4923625e-09
0,7.393657e-12
0,2.6846667e-13
1,0.99999726
0,2.704747e-06
0,4.458528e-15
0,1.848167e-18
1,0.99999905
0,9.610102e-07
0,1.56239815e-27
1,1.0
0,7.048071e-17
0,1.2329393e-21
0,2.9446413e-14
0,2.1434764e-21
0,5.1215826e-10
1,1.0
0,3.6186798e-08
0,1.5702369e-12
1,0.9979875
0,0.0020125331
0,6.1425843e-17
0,1.60641e-17
1,1.0
0,1.021985e-09
0,1.9987187e-06
0,6.547595e-11
1,0.9981656
0,0.0018323548
0,1.3390819e-11
0,9.3945974e-15
1,0.9999995
0,4.6019733e-07
0,1.552855e-08
0,2.692434e-11
1,0.99998033
0,1.9704641e-05
0,5.92492e-11
0,1.2693754e-12
0,5.751058e-06
1,0.9999943
0,9.395445e-26
1,1.0
0,3.325788e-21
0,7.8859504e-22
0,4.284335e-07
0,2.6556286e-09
1,0.99917394
0,0.0008255867
0,6.0415985e-11
0,1.9012046e-14
0,1.2784345e-06
1,0.9999987
0,7.867062e-27
1,1.0
0,1.1172498e-23
0,1.8988928e-20
0,5.9926115e-30
1,1.0
0,1.5157307e-22
0,1.0315931e-24
0,3.061567e-07
0,1.6964841e-12
0,1.5415086e-08
1,0.99999964
1,1.0
0,4.683648e-18
0,6.1281947e-12
0,6.337896e-10
1,1.0
0,4.4752394e-19
0,7.194753e-12
0,6.6705347e-10
0,2.3702269e-26
1,1.0
0,4.4227233e-22
0,8.126201e-21
1,0.9999993
0,2.122216e-13
0,4.228661e-09
0,7.7445475e-07
0,1.3587724e-26
1,1.0
0,5.1502563e-21
0,4.1414243e-22
0,1.0685549e-11
0,2.1313505e-15
0,1.1671458e-09
1,1.0
1,0.99999046
0,1.4416615e-13
0,1.0208764e-09
0,9.541588e-06
0,2.9393692e-12
0,6.5187382e-12
1,0.99999976
0,2.6585766e-07
0,1.4471688e-24
1,1.0
0,7.5255735e-22
0,2.4248124e-14
0,4.813147e-28
1,1.0
0,2.1592306e-16
0,4.622495e-20
0,7.4816694e-06
0,5.149965e-09
1,0.99867934
0,0.0013131041
1,0.9999908
0,2.889049e-10
0,1.8325688e-08
0,9.21278e-06
0,5.7842474e-15
0,8.7636385e-17
1,0.9999999
0,7.049434e-08
1,0.999997
0,2.77623e-08
0,1.374169e-07
0,2.8675443e-06
0,1.808288e-11
0,5.526536e-13
0,1.7303056e-07
1,0.9999999
1,1.0
0,7.307936e-21
0,8.390246e-18
0,6.2147433e-13
0,1.2533811e-14
0,5.4540944e-18
1,0.9999989
0,1.0715853e-06
0,8.916089e-08
0,6.635695e-10
1,0.99995136
0,4.8531005e-05
0,4.11642e-06
0,1.5040099e-09
1,0.9997952
0,0.00020058901
0,1.6250762e-13
0,6.2176644e-19
0,2.9680285e-08
1,1.0
1,1.0
0,3.1657516e-13
0,6.3129845e-13
0,2.8781677e-11
1,0.99998295
0,3.200521e-10
0,3.5585316e-08
0,1.6997154e-05
1,0.9999999
0,1.29543225e-11
0,4.545431e-10
0,1.3836492e-07
0,8.671489e-05
0,2.4230546e-06
1,0.9477099
0,0.05220093
0,3.9892873e-17
0,1.4517942e-20
1,1.0
0,7.641816e-09
1,1.0
0,2.348666e-15
0,1.256136e-12
0,7.330531e-12
1,1.0
0,2.2230419e-10
0,8.107973e-11
0,2.3626587e-10
1,1.0
0,2.4737177e-14
0,7.2742774e-15
0,4.207206e-10
0,2.2336988e-07
0,2.840005e-10
1,0.9997435
0,0.00025623833
1,1.0
0,7.59446e-17
0,5.9647655e-11
0,1.8947734e-11
1,1.0
0,2.5437581e-24
0,2.1946424e-21
0,1.5925657e-17
0,4.198412e-25
1,1.0
0,1.83838e-19
0,6.742733e-17
0,4.67905e-29
1,1.0
0,1.2006848e-22
0,3.4012767e-24
0,0.00013068633
0,1.0655467e-06
1,0.9759814
0,0.02388685
1,1.0
0,5.059917e-21
0,4.123745e-18
0,5.7377115e-12
0,1.2539171e-23
1,1.0
0,4.1629386e-20
0,1.1781007e-20
0,4.6546855e-26
1,1.0
0,2.3341334e-23
0,5.3111112e-20
0,9.906087e-06
0,7.999579e-08
0,0.00010851912
1,0.9998814
1,1.0
0,2.5269791e-23
0,6.465074e-20
0,9.3661224e-14
1,0.9999957
0,8.143927e-11
0,9.3453e-09
0,4.325725e-06
0,3.6531775e-22
1,1.0
0,1.0057159e-14
0,9.18765e-17
0,4.8071883e-11
0,3.65098e-20
0,3.2245925e-08
1,1.0
0,5.226764e-05
0,8.872342e-08
0,0.026559396
1,0.9733882
0,1.3118473e-07
0,4.363474e-10
0,5.049663e-07
1,0.9999994
0,4.113653e-28
1,1.0
0,2.4186897e-27
0,2.1093179e-15
0,3.409114e-29
1,1.0
0,3.2353659e-28
0,3.4261368e-16
0,3.5389032e-15
0,1.7212057e-17
1,1.0
0,5.3037134e-08
0,6.812083e-29
1,1.0
0,2.1376088e-18
0,2.1290513e-22
0,6.3966596e-11
0,1.125939e-16
0,3.5857126e-10
1,1.0
0,4.724118e-16
0,1.6698786e-19
1,0.99999285
0,7.0943343e-06
0,1.0079344e-09
0,9.34731e-14
1,0.98355967
0,0.016440403
1,1.0
0,1.0441045e-30
0,3.1637062e-24
0,5.208283e-21
0,6.1217043e-29
1,1.0
0,5.700317e-20
0,1.3429866e-21
0,3.897908e-11
0,2.8119524e-11
1,0.9999949
0,5.094988e-06
0,3.6863047e-12
0,3.613638e-17
1,0.99981546
0,0.00018447665
0,4.5317213e-20
0,9.393691e-25
1,0.99999976
0,2.3064787e-07
1,1.0
0,3.0947815e-18
0,6.227142e-17
0,2.1375705e-12
0,2.300331e-15
0,9.4297815e-15
1,0.9999994
0,5.8396733e-07
0,2.204852e-10
0,1.4440794e-12
1,0.9992229
0,0.00077717495
0,2.5246758e-05
0,1.1589337e-09
1,0.72832024
0,0.27165452
0,6.005044e-13
0,4.45914e-17
0,7.853902e-11
1,1.0
0,1.354043e-26
1,1.0
0,1.5832831e-20
0,1.089549e-19
0,9.0670876e-10
0,3.551005e-15
0,3.2444152e-07
1,0.99999964
0,4.4760267e-08
0,4.3209774e-13
0,1.2736837e-06
1,0.9999987
0,4.7175573e-25
1,1.0
0,9.80674e-22
0,5.6380266e-15
1,1.0
0,1.3113352e-22
0,6.8360403e-19
0,4.0038165e-17
0,4.174157e-24
1,1.0
0,4.385716e-20
0,7.122865e-23
0,1.2679195e-22
0,1.3822807e-29
1,1.0
0,4.7495546e-10
0,6.617474e-29
0,1.683117e-33
1,1.0
0,1.9269299e-18
1,1.0
0,6.1227335e-21
0,1.6602298e-19
0,1.6265338e-13
1,1.0
0,1.4917303e-15
0,1.3852593e-12
0,2.946208e-11
0,1.390503e-16
0,6.975454e-24
0,1.3407955e-10
1,1.0
0,6.2088664e-13
0,6.6382914e-19
0,4.200595e-08
1,1.0
0,3.210465e-11
0,4.748169e-16
0,4.065261e-05
1,0.99995935
0,5.8423357e-12
0,1.1756457e-19
0,1.5733516e-09
1,1.0
0,9.4239436e-11
0,5.1039934e-16
1,0.9999807
0,1.9360954e-05
0,9.0444376e-14
0,6.3638834e-18
1,0.99997044
0,2.9582416e-05
0,2.0668562e-22
1,1.0
0,1.0810288e-19
0,4.5248045e-16
0,3.9215647e-20
0,4.1559326e-24
1,1.0
0,3.3237016e-10
1,1.0
0,2.0132064e-10
0,6.308754e-11
0,5.7875627e-10
0,2.1947237e-14
0,4.3590292e-18
1,0.99994564
0,5.430397e-05
0,0.0029427244
0,5.658685e-08
1,0.97186303
0,0.025194166
0,3.826982e-07
0,6.705074e-09
1,0.99916387
0,0.000835781
0,2.825209e-14
0,1.9831853e-14
0,9.1436787e-14
1,1.0
0,5.0412403e-09
0,7.339353e-17
0,2.6385985e-10
1,1.0
0,5.7941606e-16
0,6.6364154e-12
0,8.107072e-08
1,0.9999999
1,1.0
0,4.2214885e-18
0,1.9685534e-16
0,5.1022087e-14
1,1.0
0,9.44236e-13
0,1.3862737e-09
0,5.489673e-09
1,1.0
0,3.9340193e-18
0,1.4956112e-14
0,3.240515e-10
1,1.0
0,1.5597414e-13
0,1.3573968e-11
0,2.2481011e-10
0,1.7626862e-27
1,1.0
0,2.6243517e-27
0,7.48426e-15
1,1.0
0,1.8343557e-15
0,1.8591842e-12
0,6.712925e-09
0,1.6671396e-06
0,1.500857e-10
0,0.0017942014
1,0.9982041
0,5.825278e-08
0,1.4399335e-12
0,1.1333043e-05
1,0.99998856
0,4.23212e-08
0,1.0871039e-11
0,0.0016579555
1,0.99834204
0,1.0670753e-24
1,1.0
0,1.1943962e-19
0,4.7535468e-23
0,4.946507e-24
1,1.0
0,1.0553299e-20
0,8.052328e-21
1,1.0
0,3.1487777e-23
0,3.2206163e-19
0,4.315218e-13
1,1.0
0,1.8578879e-26
0,3.664044e-25
0,2.7387808e-19
0,1.3145852e-23
1,1.0
0,2.4956393e-19
0,1.0305819e-17
0,4.1559749e-19
0,6.221499e-22
1,1.0
0,2.7588004e-10
1,0.99999976
0,1.0405e-11
0,9.395738e-09
0,2.0322909e-07
0,1.0632688e-15
0,1.6024875e-16
0,5.138256e-10
1,1.0
0,4.4905622e-08
0,3.6262077e-11
0,1.6753063e-06
1,0.99999833
0,1.2366062e-13
0,1.3999281e-13
0,0.00016992407
1,0.99983
0,4.0374635e-26
1,1.0
0,1.3940063e-19
0,8.3682594e-17
0,8.47223e-25
1,1.0
0,4.9072364e-20
0,2.1977831e-22
0,3.3529484e-09
0,3.694615e-13
0,0.0002116035
1,0.9997884
0,2.6289027e-13
0,7.204677e-16
0,6.539843e-07
1,0.9999994
0,2.2230407e-07
0,1.9576643e-09
1,0.9947418
0,0.005257947
0,1.1145203e-10
0,6.7810197e-15
1,0.99995434
0,4.5662375e-05
1,1.0
0,3.846681e-21
0,8.2868674e-18
0,5.4649617e-14
0,8.283191e-28
1,1.0
0,3.331848e-27
0,2.0919772e-15
0,3.796863e-10
0,3.103585e-12
1,0.9994885
0,0.0005115306
0,1.6745643e-14
0,1.0756023e-13
0,5.268386e-15
1,1.0
0,1.8730066e-29
1,1.0
0,2.181123e-20
0,8.339453e-24
0,9.263508e-28
1,1.0
0,3.6233472e-17
0,8.2022814e-22
0,1.7853182e-24
1,1.0
0,4.401588e-20
0,4.352113e-22
1,1.0
0,9.324987e-13
0,1.2347529e-11
0,7.82853e-09
1,1.0
0,6.390579e-21
0,8.918322e-20
0,5.3458887e-13
0,1.1338455e-07
0,3.1616684e-15
0,2.1769222e-07
1,0.99999964
0,6.2027653e-12
0,6.8317753e-17
1,0.9996764
0,0.00032352342
0,1.00536354e-28
1,1.0
0,3.0781527e-28
0,1.0349956e-15
0,5.868897e-26
1,1.0
0,1.6141465e-21
0,3.9073447e-22
0,1.6535564e-08
0,1.5432548e-08
1,0.99993026
0,6.9709444e-05
0,2.360819e-23
1,1.0
0,1.4086586e-19
0,3.1062865e-20
1,0.99999857
0,2.3074436e-11
0,2.3497093e-09
0,1.3743739e-06
0,2.0107154e-29
1,1.0
0,1.5519787e-20
0,1.3060528e-23
0,2.7969482e-25
1,1.0
0,4.272278e-25
0,1.1628609e-14
0,6.957416e-22
0,7.398883e-27
1,1.0
0,1.4173391e-08
1,0.9999999
0,1.8918047e-15
0,6.1420135e-12
0,1.12371936e-07
0,2.1481461e-25
1,1.0
0,1.5732985e-23
0,1.0980846e-14
1,1.0
0,4.6921477e-12
0,1.5176074e-08
0,6.2020615e-09
0,6.3412424e-26
1,1.0
0,1.7232764e-23
0,7.15714e-20
0,6.518317e-08
0,8.1569056e-16
0,1.8903759e-08
1,0.9999999
0,6.6889485e-09
0,8.59921e-19
0,6.065236e-09
1,1.0
0,2.2609656e-15
0,1.2611907e-21
0,1.4976804e-07
1,0.9999999
0,6.673858e-12
0,1.2758348e-18
0,5.860444e-07
1,0.9999994
1,1.0
0,1.3231037e-14
0,7.023192e-13
0,1.8580497e-12
0,3.553832e-26
1,1.0
0,6.3662825e-25
0,4.0084183e-16
0,1.2087465e-05
0,1.2703671e-08
1,0.99998736
0,6.1287176e-07
1,1.0
0,1.272448e-14
0,3.967926e-13
0,4.484723e-12
0,1.5846853e-27
1,1.0
0,1.6440741e-22
0,3.4807954e-23
1,1.0
0,1.2746013e-12
0,2.3966098e-09
0,1.260161e-11
1,0.9999988
0,2.5671802e-09
0,6.259015e-08
0,1.0215858e-06
0,2.4248799e-08
0,6.153457e-20
0,5.2185714e-11
1,1.0
0,8.198002e-28
1,1.0
0,3.7988993e-18
0,1.7090867e-19
1,0.9999999
0,2.1624815e-13
0,1.5286947e-10
0,7.5316855e-08
0,5.0442333e-12
0,8.5150135e-14
1,0.9999999
0,1.7801617e-07
1,1.0
0,1.5565484e-22
0,4.3583164e-19
0,4.109714e-14
0,9.2367285e-20
0,3.901934e-24
1,1.0
0,3.2983554e-08
1,1.0
0,4.287911e-14
0,6.493326e-12
0,6.0595813e-09
0,2.7710685e-09
0,2.7906353e-20
0,1.4250019e-12
1,1.0
0,8.730728e-12
0,9.49311e-19
0,2.4109657e-12
1,1.0
0,2.1814577e-09
0,1.4722198e-15
0,8.5699946e-07
1,0.99999917
0,1.2993608e-28
1,1.0
0,4.974338e-18
0,4.925799e-22
1,1.0
0,2.7279855e-14
0,3.8952873e-12
0,3.7550787e-10
1,1.0
0,8.547697e-12
0,1.8176186e-10
0,2.362017e-08
1,1.0
0,1.2906078e-12
0,1.0881162e-11
0,6.53833e-11
0,5.317486e-24
1,1.0
0,2.1046197e-19
0,1.9283315e-21
0,1.1593673e-06
0,3.6621214e-12
0,3.1475458e-10
1,0.9999988
0,1.3430023e-13
0,1.5284414e-21
0,3.2286653e-09
1,1.0
0,2.6523824e-26
1,1.0
0,3.6628023e-24
0,3.1725695e-21
0,5.79215e-18
0,2.048147e-22
1,0.9999933
0,6.6452076e-06
0,5.0498286e-30
1,1.0
0,3.986631e-29
0,1.6042551e-16
0,1.6866782e-10
0,4.072387e-13
0,3.7226053e-09
1,1.0
0,4.9560367e-05
0,2.5121683e-08
1,0.9537701
0,0.046180394
0,2.1535015e-27
1,1.0
0,2.5334429e-18
0,3.1491565e-19
0,7.876347e-08
0,8.3531926e-10
1,0.999913
0,8.688438e-05
0,4.5092738e-26
1,1.0
0,3.0927065e-24
0,1.1565656e-14
0,2.0057e-27
1,1.0
0,6.2376206e-19
0,8.441213e-21
0,1.9482221e-20
1,1.0
0,5.55085e-15
0,2.658688e-15
0,1.431299e-15
0,1.840683e-19
0,0.0017638046
1,0.9982362
0,4.468042e-11
0,9.507679e-19
0,9.185439e-10
1,1.0
0,5.1478256e-08
0,1.8269295e-18
0,4.016669e-12
1,1.0
0,9.768961e-13
0,8.054766e-18
0,4.0939968e-10
1,1.0
0,9.556941e-10
0,4.204694e-18
0,1.7765399e-10
1,1.0
1,1.0
0,9.399652e-16
0,1.9431097e-11
0,1.4178773e-08
0,2.6549854e-10
0,1.533792e-13
1,1.0
0,8.830288e-09
0,2.004178e-27
1,1.0
0,7.6404006e-17
0,8.40452e-21
0,1.5724978e-13
0,8.782388e-17
1,0.9999589
0,4.1107636e-05
0,4.743437e-24
1,1.0
0,4.496542e-20
0,2.0052677e-23
0,3.8888295e-08
0,5.3165554e-08
1,0.9999999
0,9.097918e-08
0,2.601917e-24
1,1.0
0,9.552322e-19
0,3.5151973e-22
0,3.778702e-29
1,1.0
0,2.2522068e-19
0,1.6071299e-21
0,1.2082019e-06
0,1.6989398e-11
1,0.9869102
0,0.013088583
0,4.610658e-13
0,3.1726564e-19
0,2.0062899e-07
1,0.99999976
1,1.0
0,2.01737e-13
0,3.1265446e-12
0,8.1483015e-10
0,2.0542152e-15
0,3.3419525e-20
1,0.99994993
0,5.0007864e-05
0,1.8241e-08
0,4.2087887e-12
1,0.99952465
0,0.00047528083
0,6.452601e-13
0,5.1368255e-16
0,6.232665e-07
1,0.9999994
0,8.7539725e-27
1,1.0
0,3.5333707e-16
0,5.2634113e-20
0,3.5636097e-24
1,1.0
0,1.1434928e-21
0,6.241749e-23
0,2.361292e-19
0,2.5284835e-23
1,1.0
0,1.2172102e-08
0,4.698428e-26
1,1.0
0,3.8930153e-23
0,3.1092265e-20
0,7.551221e-23
1,1.0
0,4.9172805e-20
0,4.5984974e-16
1,1.0
0,2.319351e-19
0,3.610986e-16
0,1.0634965e-14
1,1.0
0,4.5710526e-14
0,2.4282966e-11
0,2.0326771e-09
1,1.0
0,7.56362e-15
0,5.883526e-14
0,1.9007769e-09
1,0.99999976
0,4.3986108e-15
0,5.143166e-14
0,1.9566731e-07
0,3.429872e-08
0,1.0107847e-06
0,8.0934056e-05
1,0.9999181
0,2.7833417e-07
0,3.3820874e-10
0,0.00047070667
1,0.99952894
0,1.4668301e-05
0,2.3537802e-06
0,0.27523813
1,0.72474486
0,1.2821639e-25
1,1.0
0,9.879046e-24
0,9.509411e-21
0,1.8089572e-15
0,4.647709e-20
1,1.0
0,4.7807703e-08
1,1.0
0,1.0135057e-17
0,3.4995458e-13
0,9.225996e-11
1,1.0
0,9.555764e-12
0,1.9465292e-08
0,1.0223598e-08
0,1.7886987e-25
1,1.0
0,9.976679e-24
0,1.3403498e-15
0,2.6056032e-23
0,1.2012761e-29
1,1.0
0,5.8273614e-10
1,1.0
0,1.03224916e-19
0,1.3508701e-11
0,1.2413642e-12
0,0.0007542194
0,6.85017e-08
1,0.9977702
0,0.0014755336
1,1.0
0,8.911702e-10
0,2.8767735e-11
0,3.5187824e-09
0,3.6770032e-08
0,1.6428515e-09
0,0.0002697336
1,0.99973017
0,2.028517e-13
0,5.2861888e-20
0,4.079195e-10
1,1.0
0,1.0585384e-29
1,1.0
0,7.875832e-19
0,1.6762184e-23
0,3.473137e-26
1,1.0
0,6.0346306e-25
0,4.0374842e-16
1,1.0
0,2.4839505e-13
0,1.0202579e-12
0,1.4187705e-11
0,3.4554e-09
0,7.111354e-12
0,1.6109251e-06
1,0.99999833
1,1.0
0,1.8053861e-15
0,9.267679e-13
0,1.9965158e-09
1,1.0
0,1.1237761e-13
0,4.648537e-11
0,1.37139695e-08
0,8.4221345e-11
0,6.656403e-17
0,3.532846e-08
1,1.0
0,3.7287738e-20
1,1.0
0,6.462087e-21
0,5.9527505e-19
0,1.4825865e-21
1,1.0
0,7.2990476e-14
0,4.4163282e-17
1,1.0
0,1.1507716e-18
0,4.2519396e-17
0,1.4473798e-11
0,3.2935852e-26
1,1.0
0,2.369469e-25
0,6.702142e-16
0,1.0300516e-24
1,1.0
0,5.667725e-21
0,1.4739867e-21
0,3.5242229e-28
1,1.0
0,7.008013e-18
0,7.465763e-20
0,5.82356e-15
0,2.817846e-19
1,0.99999845
0,1.5580736e-06
0,1.0142849e-21
1,1.0
0,1.3203279e-18
0,2.9187154e-16
0,9.622953e-25
1,1.0
0,6.9262215e-22
0,1.4201925e-14
1,1.0
0,1.1348292e-26
0,1.98724e-26
0,4.2180375e-21
0,8.054209e-10
0,3.2150747e-13
1,0.99994767
0,5.2381187e-05
0,5.927046e-09
0,2.0189849e-13
1,0.99455696
0,0.005443027
0,2.301356e-10
0,2.2623115e-15
0,6.147324e-08
1,0.9999999
0,4.0574673e-06
0,1.1905355e-07
1,0.99536335
0,0.0046324683
0,2.6291611e-27
1,1.0
0,2.8578203e-17
0,9.990476e-22
0,1.6542845e-22
1,1.0
0,8.460237e-20
0,4.595481e-16
0,2.8152738e-10
0,7.855911e-18
0,3.0060276e-09
1,1.0
0,3.8831946e-24
1,1.0
0,4.117422e-20
0,5.588668e-23
0,5.2875725e-23
1,1.0
0,3.9420944e-14
0,6.167611e-18
0,3.5266105e-08
0,4.5528373e-11
1,0.9999939
0,6.0586754e-06
1,1.0
0,2.7892229e-14
0,1.613832e-14
0,1.0638127e-11
0,1.8532263e-30
1,1.0
0,3.3869068e-23
0,5.331437e-25
0,2.0279736e-11
0,6.294489e-14
1,1.0
0,4.1773824e-09
0,1.5218292e-25
1,1.0
0,1.6279272e-17
0,6.420791e-18
0,4.742297e-24
1,1.0
0,7.636743e-21
0,4.4840135e-23
0,7.8535505e-24
1,1.0
0,2.61103e-20
0,6.468524e-21
0,2.0024097e-05
0,7.657941e-10
0,0.0010314583
1,0.99894845
0,3.2167582e-28
1,1.0
0,2.6976158e-27
0,1.8858174e-15
0,1.177153e-11
0,4.702143e-16
0,8.263246e-06
1,0.9999918
1,0.9999943
0,2.6918871e-14
0,2.9077072e-09
0,5.7727675e-06
1,1.0
0,1.828155e-12
0,1.6780182e-13
0,3.4846626e-11
0,1.7950445e-06
0,1.2778925e-07
1,0.99998796
0,1.0181293e-05
1,1.0
0,4.5586883e-18
0,6.399893e-15
0,1.8082995e-10
1,1.0
0,1.4404821e-17
0,3.037141e-14
0,6.3982215e-11
0,4.04288e-06
0,7.8603135e-10
1,0.9889051
0,0.011090844
0,3.6953582e-26
1,1.0
0,4.3658955e-23
0,8.135196e-21
1,1.0
0,1.79694e-17
0,1.5441133e-12
0,5.93895e-11
1,1.0
0,1.1837438e-15
0,5.464089e-13
0,6.5098167e-09
1,1.0
0,9.414288e-13
0,5.5912026e-09
0,3.566318e-08
0,2.3203738e-30
1,1.0
0,3.5415087e-23
0,6.0681715e-25
0,3.1248206e-24
1,1.0
0,9.2432496e-20
0,1.6823038e-23
0,9.65393e-10
0,1.23349214e-17
0,1.0044768e-08
1,1.0
0,1.011049e-26
1,1.0
0,1.2910647e-21
0,4.7738293e-22
0,6.4904105e-17
0,7.0621346e-20
1,0.9999999
0,1.1461592e-07
1,0.99999976
0,2.6550722e-09
0,1.1296385e-07
0,1.6016358e-07
0,7.367329e-18
0,8.4168776e-23
1,0.9999939
0,6.0670477e-06
0,1.36464e-14
0,1.4646014e-17
1,0.9999846
0,1.5329848e-05
0,4.842689e-20
0,2.6750148e-16
0,1.0679743e-11
1,1.0
0,1.3654505e-08
0,2.3418286e-12
1,0.99687624
0,0.0031237528
0,1.009788e-27
1,1.0
0,2.1533017e-22
0,1.3063226e-22
0,2.166152e-08
0,1.0905951e-10
1,0.9995305
0,0.00046940742
0,2.9880414e-06
0,4.1844737e-07
1,0.99544555
0,0.004551047
0,2.569358e-09
0,2.3363523e-11
0,1.2229657e-07
1,0.9999999
1,1.0
0,3.866478e-16
0,2.593882e-11
0,2.0541331e-12
0,3.3802027e-26
1,1.0
0,5.641096e-25
0,4.0688713e-16
0,1.7616953e-30
1,1.0
0,3.3359243e-23
0,5.2111343e-25
0,7.3167613e-26
1,1.0
0,9.586712e-26
0,7.3216046e-15
0,2.1686941e-28
1,1.0
0,9.601019e-19
0,4.0460595e-22
1,0.99998593
0,1.1409204e-11
0,1.0214425e-09
0,1.4026939e-05
1,1.0
0,1.3881267e-19
0,7.946934e-19
0,7.182482e-12
0,9.5728986e-26
1,1.0
0,1.9403063e-22
0,9.092615e-22
0,8.351096e-26
1,1.0
0,1.3058231e-24
0,6.7955166e-16
0,4.563414e-13
0,3.487038e-17
1,0.99999976
0,2.7402186e-07
1,0.9999999
0,9.150422e-12
0,3.630305e-10
0,1.092698e-07
1,0.9999999
0,1.8177291e-14
0,2.2418621e-10
0,1.2585804e-07
0,3.309372e-22
1,1.0
0,3.9231377e-19
0,2.880181e-16
0,1.9567805e-08
0,1.1379718e-11
0,7.4312425e-08
1,0.9999999
0,2.8958715e-22
1,1.0
0,1.612019e-19
0,5.127415e-15
0,1.1474157e-09
0,8.337057e-13
1,0.9999169
0,8.306346e-05
0,2.044199e-26
1,1.0
0,2.6339563e-22
0,1.5937604e-20
0,2.9754855e-07
0,1.9995733e-11
1,0.99999964
0,8.1837406e-08
1,1.0
0,6.0723676e-16
0,2.3433336e-14
0,5.790768e-09
0,1.546381e-29
1,1.0
0,1.0033687e-18
0,2.8260907e-23
0,3.1244186e-14
0,1.852565e-19
0,2.1150264e-07
1,0.99999976
0,9.1142994e-07
0,1.1569155e-11
0,4.32799e-05
1,0.9999558
0,1.7301024e-28
1,1.0
0,7.686215e-23
0,7.9793864e-24
0,2.5077884e-11
0,1.7781787e-12
0,2.0229024e-06
1,0.999998
0,2.5350844e-27
1,1.0
0,2.7941976e-17
0,1.6855321e-19
0,3.4256066e-28
1,1.0
0,4.4563796e-27
0,9.323371e-16
0,2.3945258e-28
1,1.0
0,3.1951744e-27
0,8.067198e-16
1,1.0
0,1.59858e-16
0,1.1540584e-13
0,1.0812688e-10
1,1.0
0,2.1554451e-16
0,3.9016655e-13
0,2.7009753e-10
0,2.4158295e-10
0,2.246675e-13
1,0.99998677
0,1.3175644e-05
0,2.1241305e-19
0,3.8930153e-23
1,1.0
0,1.650544e-10
0,5.223641e-22
1,1.0
0,8.962775e-17
0,3.7519655e-17
0,3.9235794e-15
0,1.5561663e-17
1,0.99999607
0,3.9119177e-06
0,1.9721899e-25
1,1.0
0,4.434389e-18
0,4.864871e-20
0,1.2222236e-12
0,1.9166718e-20
0,8.013738e-12
1,1.0
0,2.4386947e-25
1,1.0
0,3.9797259e-25
0,6.51283e-14
1,1.0
0,4.9003216e-25
0,8.313539e-23
0,2.377989e-18
0,6.2777597e-30
1,1.0
0,4.5372367e-29
0,1.5348197e-16
1,1.0
0,2.3263006e-17
0,2.2316614e-14
0,1.1220649e-09
0,1.6180992e-12
0,2.2704284e-16
0,6.987014e-08
1,0.9999999
1,1.0
0,1.5107709e-16
0,1.1414877e-14
0,1.8800963e-11
0,1.4972743e-15
0,3.7589987e-21
1,0.998359
0,0.0016409132
0,5.0088905e-11
0,4.1163887e-16
0,6.236455e-05
1,0.99993765
0,1.1363221e-09
0,7.470278e-12
0,3.5275204e-07
1,0.99999964
0,4.186547e-06
0,3.526138e-14
0,1.2898959e-06
1,0.9999945
0,3.9565864e-14
0,3.1014e-17
1,0.999992
0,7.940203e-06
0,2.7341e-11
0,7.263921e-15
0,1.8754557e-06
1,0.9999981
0,6.288162e-08
0,1.1065737e-12
0,1.12046755e-05
1,0.9999887
0,1.1167794e-26
1,1.0
0,4.7287424e-19
0,1.8598292e-20
0,8.5514014e-14
0,1.646778e-15
1,0.9999689
0,3.109723e-05
1,0.99999964
0,2.4389891e-12
0,1.4287158e-09
0,2.996167e-07
0,7.0061894e-20
0,3.2269677e-23
1,1.0
0,1.09518e-09
1,1.0
0,1.6544647e-18
0,1.797168e-15
0,1.082904e-09
1,0.9999871
0,3.671088e-11
0,2.5203317e-09
0,1.2868877e-05
1,1.0
0,2.0025863e-14
0,1.4074093e-12
0,2.1832462e-12
0,1.4389991e-09
0,5.5735734e-15
0,7.836062e-06
1,0.99999213
1,1.0
0,4.9138706e-19
0,7.3284184e-16
0,7.910414e-15
0,2.5788411e-26
1,1.0
0,1.7806542e-22
0,2.0551359e-20
1,1.0
0,3.3139378e-19
0,6.0811557e-15
0,8.1839145e-12
0,7.5716152e-06
0,2.8100349e-09
0,0.022508567
1,0.9774838
0,1.6007495e-27
1,1.0
0,5.537105e-22
0,3.157498e-23
0,4.3034488e-20
0,1.6032156e-23
1,1.0
0,3.709146e-09
1,1.0
0,2.5987024e-17
0,5.502818e-13
0,6.1849197e-13
0,1.0354519e-07
0,3.1944918e-12
0,0.00012580161
1,0.9998741
0,1.1327265e-12
0,1.2943324e-16
1,0.99961853
0,0.0003814666
1,1.0
0,7.076862e-12
0,1.6797251e-09
0,4.517129e-09
0,6.9167174e-07
0,1.2862867e-08
1,0.7974241
0,0.20257524
1,1.0
0,2.4028712e-09
0,6.8735656e-11
0,1.0142896e-08
0,2.2953164e-09
0,1.1862102e-10
1,0.9999999
0,1.2682823e-07
0,2.7148236e-28
1,1.0
0,2.5839801e-27
0,1.4402198e-15
0,5.2773277e-07
0,7.554068e-09
1,0.9994793
0,0.00052018417
0,2.073794e-26
1,1.0
0,3.4197345e-26
0,4.3974876e-15
0,2.2926767e-10
0,2.1851488e-13
1,0.99999416
0,5.8555615e-06
0,3.1609144e-27
1,1.0
0,1.0587123e-21
0,7.3106933e-22
0,5.1444674e-27
1,1.0
0,7.3374035e-22
0,2.0714036e-21
0,3.9744795e-31
1,1.0
0,2.5747754e-23
0,1.9333214e-25
0,1.15822125e-14
0,7.2131054e-21
0,1.4259912e-09
1,1.0
1,1.0
0,2.7346684e-11
0,4.253496e-10
0,3.1847507e-09
0,2.4667243e-14
0,1.09209235e-16
0,5.788457e-07
1,0.9999994
0,2.0497675e-25
1,1.0
0,8.547971e-24
0,1.7192321e-15
0,8.250023e-13
0,1.6222222e-13
0,6.927723e-06
1,0.9999931
1,0.99999917
0,3.1412207e-13
0,5.070367e-13
0,8.6725123e-07
0,2.0348116e-23
0,1.0189223e-30
1,1.0
0,3.5485373e-10
0,1.6094432e-13
0,1.1907005e-22
1,1.0
0,8.647413e-09
0,1.3734653e-07
0,1.4101767e-08
1,0.9997879
0,0.00021187158
0,7.016097e-24
1,1.0
0,3.0529192e-19
0,3.6174668e-23
0,1.07869285e-27
1,1.0
0,4.986037e-27
0,2.0109062e-15
0,3.4949794e-30
1,1.0
0,2.4063193e-21
0,1.4976647e-24
0,6.154873e-14
0,2.3081464e-19
0,1.848626e-06
1,0.9999981
1,1.0
0,3.7992118e-14
0,1.7737955e-12
0,1.7506635e-09
0,3.2404314e-12
0,4.8396495e-17
0,2.2698837e-08
1,1.0
0,9.318239e-14
0,3.6485527e-14
1,0.9999957
0,4.2931388e-06
0,2.700697e-25
1,1.0
0,3.4554428e-18
0,8.8717203e-23
1,0.99999845
0,1.8347835e-11
0,6.313051e-08
0,1.4521596e-06
0,7.572819e-10
0,6.552222e-12
0,1.8816785e-11
1,1.0
1,1.0
0,1.3717054e-16
0,3.9098058e-14
0,1.0641343e-09
